step,time_stamp,reward,state,action,policy_prob,heuristic_prob,behavior_prob,charging_time
1,965,-0.2696217734290768,"[-0.68526775 -0.70637786  0.99828    -0.8518519  -0.6236236   0.99824
 -0.8518519  -0.6236236   0.99828    -0.7437437  -0.8718719   0.9492091
 -0.99994767  0.05705706  0.18118118  0.66176605 -0.99964994  0.4214214
 -0.43743744  0.7772243  -0.999769   -0.35935935  0.7277277   0.95757306
 -0.9999559   0.8138138   0.43943945  0.90954435 -0.9999061  -0.4214214
  0.04904905  0.7081142  -0.99969757  0.8058058  -0.07107107  0.95571184
 -0.99995404  0.08508509  0.5555556   0.7493223  -0.9997404   0.5275275
 -0.9399399   0.99076927 -0.9999902  -0.24124125 -0.7497497   0.9783405
 -0.99997777 -0.6956957   0.2952953   0.9161072  -0.9999115  -0.6236236
 -0.2852853   0.9534446  -0.9999516   0.7537538  -0.5295295   0.9560067
 -0.9999538   0.4034034   0.4794795   0.85409623 -0.999849   -0.05905906
 -0.43543544  0.7609667  -0.99975246 -0.8638639   0.7937938   0.92792326
 -0.9999256   0.45545545  0.7577578   0.9387598  -0.99993646  0.4074074
 -0.04504504  0.863533   -0.9998572  -0.8198198  -0.18318318  0.9577345
 -0.9999562   0.08908909 -0.7697698   0.8807364  -0.99987584 -0.25725725
  0.25525525  0.25647068 -0.9992293  -0.25125125 -0.3173173   0.6276133
 -0.99961495 -0.16916917  0.11711711  0.254514   -0.99922705  0.6576577
  0.21921922  0.82268417 -0.99981636  0.7497497   0.9259259   0.9847097
 -0.999984    0.1931932  -0.22722723  0.71054745 -0.99969935  0.4994995
 -0.5115115   0.82202923 -0.9998159   0.7137137  -0.7037037   0.88372666
 -0.9998801  -0.15915915  0.8038038   0.97477317 -0.9999737  -0.4754755
 -0.5615616   0.6681777  -0.9996574   0.07507508  0.7517518   0.94455117
 -0.99994266  0.01901902  0.32732734  0.6676638  -0.9996559  -0.6136136
  0.14914915  0.8554257  -0.99985045 -0.42542544 -0.3933934   0.681267
 -0.99967057  0.7717718  -0.32932934  0.93391174 -0.9999305  -0.5895896
  0.6016016   0.72358495 -0.9997142   0.37137136  0.16916917  0.6748387
 -0.9996626  -0.6716717  -0.6936937   0.90872276 -0.9999056   0.9379379
  0.997998    0.9917626  -0.9999914  -0.4894895  -0.8498498   0.9497195
 -0.99994814 -0.005005   -0.08708709 -0.12398377 -0.9988348  -0.983984
  0.06906907  0.97354954 -0.99997234  0.3933934  -0.7637638   0.8873166
 -0.99988353 -0.6236236   0.8638639   0.9516777  -0.9999492  -0.5315315
  0.47347346  0.70595926 -0.9996958   0.5395395   0.5675676   0.8816791
 -0.9998772   0.7697698   0.7377377   0.9658419  -0.9999646   0.8738739
 -0.8038038   0.98305756 -0.9999825  -0.13713713 -0.5115115   0.8231715
 -0.9998168  -0.2032032   0.6316316   0.8193524  -0.99981344 -0.6676677
  0.7457457   0.82025766 -0.99981385  0.8638639   0.24124125  0.9442225
 -0.9999426   0.22722723  0.7797798   0.9053736  -0.9999014   0.36536536
 -0.21921922  0.6901884  -0.99967724  0.9399399  -0.2892893   0.99146986
 -0.9999911  -0.3973974   0.4054054   0.6474507  -0.9996356  -0.7737738
 -0.43343344  0.9771927  -0.9999763   0.24524525  0.09309309  0.26506338
 -0.99923897  0.15715715 -0.6176176   0.686163   -0.99967366  0.5915916
 -0.6376376   0.8540422  -0.9998496  -0.24924925 -0.6136136   0.832502
 -0.99982625 -0.7657658   0.03103103  0.94120365 -0.9999389  -0.14514515
 -0.96997     0.9761987  -0.9999754   0.6596597  -0.01101101  0.9053257
 -0.9999007  -0.35935935  0.8998999   0.9795304  -0.9999788   0.9479479
 -0.06506506  0.9903063  -0.99998987  0.13513513 -0.05505506  0.21457882
 -0.99918216  0.3213213   0.35535535  0.79689056 -0.9997894  -0.8518519
 -0.6236236   0.93870544 -0.9999369  -0.8338338   0.5575576   0.9337958
 -0.9999317   0.5495495  -0.33733734  0.8195226  -0.9998115  -0.45945945
  0.22122122  0.8785501  -0.9998724  -0.26726726 -0.05705706  0.67829025
 -0.9996666   0.5135135   0.4994995   0.9672896  -0.9999657  -0.5935936
 -0.05105105  0.90960884 -0.9999062  -0.45945945 -0.7037037   0.8229042
 -0.9998178  -0.8218218   0.9159159   0.9930183  -0.9999929   0.05505506
 -0.34734735  0.40733328 -0.99938565 -0.06706706  0.04904905 -0.25822014
 -0.99865735 -0.06306306  0.4854855   0.7848314  -0.99977785 -1.
 -1.         -1.         -1.        ]",78,0.012330802,0.9979422,0.995971,69.66483791321994
2,1132,-0.2725226615707525,"[-0.06706706  0.04904905  0.9456477  -0.6676677   0.7457457   0.9916
 -0.45945945  0.22122122  0.99164    -0.7437437  -0.8718719   0.9411141
 -0.99994355  0.05705706  0.18118118  0.6367803  -0.99965477  0.4214214
 -0.43743744  0.7426268  -0.9997675  -0.35935935  0.7277277   0.9521345
 -0.9999492   0.8138138   0.43943945  0.89558345 -0.99990433 -0.4214214
  0.04904905  0.67206323 -0.99969435  0.8058058  -0.07107107  0.9501512
 -0.99995613  0.08508509  0.5555556   0.71198016 -0.99974555  0.5275275
 -0.9399399   0.9903894  -0.9999905  -0.24124125 -0.7497497   0.9772797
 -0.9999778  -0.6956957   0.2952953   0.9056978  -0.9999133  -0.6236236
 -0.2852853   0.9499383  -0.99994594  0.7537538  -0.5295295   0.9504161
 -0.99995905  0.4034034   0.4794795   0.83136696 -0.9998342  -0.05905906
 -0.43543544  0.7247522  -0.99973696 -0.8638639   0.7937938   0.91704565
 -0.9999266   0.45545545  0.7577578   0.9302317  -0.9999381   0.4074074
 -0.04504504  0.84866023 -0.9998554  -0.8198198  -0.18318318  0.953318
 -0.99995464  0.08908909 -0.7697698   0.8632383  -0.99987966 -0.25725725
  0.25525525  0.14893253 -0.99922806 -0.25125125 -0.3173173   0.5723035
 -0.9996082  -0.16916917  0.11711711  0.18090725 -0.9992251   0.6576577
  0.21921922  0.79513586 -0.9998114   0.7497497   0.9259259   0.9828743
 -0.99998033  0.1931932  -0.22722723  0.6688569  -0.9996992   0.4994995
 -0.5115115   0.794313   -0.99981385  0.7137137  -0.7037037   0.8652988
 -0.99987584 -0.15915915  0.8038038   0.9732307  -0.99997187 -0.4754755
 -0.5615616   0.6126679  -0.9996531   0.07507508  0.7517518   0.9381524
 -0.999941    0.01901902  0.32732734  0.6270981  -0.99966156 -0.6136136
  0.14914915  0.8358367  -0.9998537  -0.42542544 -0.3933934   0.6298395
 -0.99966794  0.7717718  -0.32932934  0.92436147 -0.99992526 -0.5895896
  0.6016016   0.6793218  -0.9997138   0.37137136  0.16916917  0.6258859
 -0.9996569  -0.6716717  -0.6936937   0.8948563  -0.99991006  0.9379379
  0.997998    0.9910825  -0.9999894  -0.4894895  -0.8498498   0.9429639
 -0.9999483  -0.005005   -0.08708709 -0.26611608 -0.99867415 -0.983984
  0.06906907  0.9710882  -0.9999721   0.3933934  -0.7637638   0.8701169
 -0.99988425 -0.6236236   0.8638639   0.9448594  -0.99994934 -0.5315315
  0.47347346  0.65960324 -0.9996935   0.5395395   0.5675676   0.8627411
 -0.9998649   0.7697698   0.7377377   0.9609469  -0.9999611   0.8738739
 -0.8038038   0.9813386  -0.999982   -0.13713713 -0.5115115   0.79641616
 -0.99980605 -0.2032032   0.6316316   0.7923305  -0.99980265 -0.6676677
  0.7457457   0.7911334  -0.99981433  0.8638639   0.24124125  0.93639636
 -0.9999396   0.22722723  0.7797798   0.89248484 -0.9999078   0.36536536
 -0.21921922  0.6444848  -0.99968594  0.9399399  -0.2892893   0.9914102
 -0.9999918  -0.3973974   0.4054054   0.5932332  -0.99963534 -0.7737738
 -0.43343344  0.97553766 -0.9999715   0.24524525  0.09309309  0.14909273
 -0.99922323  0.15715715 -0.6176176   0.63622034 -0.9996767   0.5915916
 -0.6376376   0.83119714 -0.99984753 -0.24924925 -0.6136136   0.80598223
 -0.9998166  -0.7657658   0.03103103  0.93506473 -0.9999398  -0.14514515
 -0.96997     0.9739181  -0.99997693  0.6596597  -0.01101101  0.8921764
 -0.9999045  -0.35935935  0.8998999   0.9778111  -0.99997485  0.9479479
 -0.06506506  0.99022114 -0.99998885  0.13513513 -0.05505506  0.1069156
 -0.99919295  0.3213213   0.35535535  0.76606137 -0.9997751  -0.8518519
 -0.6236236   0.929564   -0.99993867 -0.8338338   0.5575576   0.9247241
 -0.9999303   0.5495495  -0.33733734  0.79187727 -0.9998148  -0.45945945
  0.22122122  0.8658823  -0.99987274 -0.26726726 -0.05705706  0.6468688
 -0.9996627   0.5135135   0.4994995   0.9648554  -0.9999671  -0.5935936
 -0.05105105  0.9005225  -0.99990284 -0.45945945 -0.7037037   0.79393137
 -0.9998097  -0.8218218   0.9159159   0.99315566 -0.99999404  0.05505506
 -0.34734735  0.31431183 -0.9993717  -0.06706706  0.04904905 -0.00413018
 -0.9986338  -0.06306306  0.4854855   0.75730073 -0.999767   -1.
 -1.         -1.         -1.        ]",40,0.0124967545,0.99977183,0.99582666,209.08182585994084
3,1356,-0.21834378638845253,"[-0.005005   -0.08708709  0.83123684 -0.005005   -0.08708709  0.92623854
  0.08908909 -0.7697698   0.98744    -0.7437437  -0.8718719   0.9365821
 -0.9999412   0.05705706  0.18118118  0.64081883 -0.9996519   0.4214214
 -0.43743744  0.7167829  -0.9997745  -0.35935935  0.7277277   0.9516539
 -0.9999583   0.8138138   0.43943945  0.8844394  -0.9999104  -0.4214214
  0.04904905  0.6467959  -0.99968994  0.8058058  -0.07107107  0.9520509
 -0.9999565   0.08508509  0.5555556   0.6737769  -0.9997349   0.5275275
 -0.9399399   0.99598545 -0.9999905  -0.24124125 -0.7497497   0.98918754
 -0.99997777 -0.6956957   0.2952953   0.90056497 -0.9999104  -0.6236236
 -0.2852853   0.95729584 -0.9999526   0.7537538  -0.5295295   0.9519627
 -0.9999563   0.4034034   0.4794795   0.8142272  -0.99984527 -0.05905906
 -0.43543544  0.7230145  -0.9997535  -0.8638639   0.7937938   0.90743446
 -0.9999326   0.45545545  0.7577578   0.9258292  -0.99993557  0.4074074
 -0.04504504  0.8776105  -0.9998589  -0.8198198  -0.18318318  0.9553402
 -0.99995744  0.08908909 -0.7697698   0.8529808  -0.9998716  -0.25725725
  0.25525525  0.02425184 -0.9992436  -0.25125125 -0.3173173   0.56226844
 -0.99959075 -0.16916917  0.11711711  0.0976455  -0.99924177  0.6576577
  0.21921922  0.7690214  -0.9998199   0.7497497   0.9259259   0.9843116
 -0.9999836   0.1931932  -0.22722723  0.67452604 -0.9997068   0.4994995
 -0.5115115   0.7721728  -0.99982     0.7137137  -0.7037037   0.8486664
 -0.9998798  -0.15915915  0.8038038   0.97660583 -0.9999705  -0.4754755
 -0.5615616   0.55339026 -0.9996352   0.07507508  0.7517518   0.9375552
 -0.9999419   0.01901902  0.32732734  0.59666526 -0.99965805 -0.6136136
  0.14914915  0.8197502  -0.99984074 -0.42542544 -0.3933934   0.58296996
 -0.99964905  0.7717718  -0.32932934  0.92102164 -0.99993306 -0.5895896
  0.6016016   0.6270947  -0.99972796  0.37137136  0.16916917  0.58773893
 -0.999667   -0.6716717  -0.6936937   0.88383704 -0.99989474  0.9379379
  0.997998    0.9932413  -0.9999912  -0.4894895  -0.8498498   0.94124645
 -0.9999528  -0.005005   -0.08708709  0.3309859  -0.9989597  -0.983984
  0.06906907  0.97302294 -0.99996895  0.3933934  -0.7637638   0.85777664
 -0.999891   -0.6236236   0.8638639   0.9398782  -0.9999498  -0.5315315
  0.47347346  0.6069383  -0.99970984  0.5395395   0.5675676   0.8473817
 -0.9998765   0.7697698   0.7377377   0.9600296  -0.9999646   0.8738739
 -0.8038038   0.98455614 -0.999982   -0.13713713 -0.5115115   0.79135233
 -0.99981856 -0.2032032   0.6316316   0.7646729  -0.9998165  -0.6676677
  0.7457457   0.75780153 -0.9998176   0.8638639   0.24124125  0.9334864
 -0.99994147  0.22722723  0.7797798   0.8818843  -0.9998993   0.36536536
 -0.21921922  0.6267261  -0.9996754   0.9399399  -0.2892893   0.997121
 -0.9999909  -0.3973974   0.4054054   0.5326365  -0.9996451  -0.7737738
 -0.43343344  0.9820399  -0.9999766   0.24524525  0.09309309  0.04725244
 -0.9992415   0.15715715 -0.6176176   0.59104466 -0.9996816   0.5915916
 -0.6376376   0.811152   -0.9998524  -0.24924925 -0.6136136   0.78944474
 -0.99982816 -0.7657658   0.03103103  0.9355942  -0.99993443 -0.14514515
 -0.96997     0.9784767  -0.999974    0.6596597  -0.01101101  0.887201
 -0.9999071  -0.35935935  0.8998999   0.98063403 -0.99998075  0.9479479
 -0.06506506  0.99666476 -0.9999907   0.13513513 -0.05505506  0.19831754
 -0.9991937   0.3213213   0.35535535  0.743392   -0.999789   -0.8518519
 -0.6236236   0.92342    -0.99993175 -0.8338338   0.5575576   0.9167258
 -0.9999414   0.5495495  -0.33733734  0.77325094 -0.9998121  -0.45945945
  0.22122122  0.8632907  -0.99987054 -0.26726726 -0.05705706  0.6469107
 -0.999659    0.5135135   0.4994995   0.97056496 -0.99996763 -0.5935936
 -0.05105105  0.90321183 -0.99990636 -0.45945945 -0.7037037   0.7682719
 -0.99980855 -0.8218218   0.9159159   0.99684066 -0.999995    0.05505506
 -0.34734735  0.28445408 -0.9993902  -0.06706706  0.04904905 -0.08401332
 -0.998725   -0.06306306  0.4854855   0.734918   -0.9997808  -1.
 -1.         -1.         -1.        ]",63,0.012980064,0.011832313,0.011839185,0
4,1422,-0.22950630603081246,"[-0.005005   -0.08708709  0.83123684 -0.005005   -0.08708709  0.8927688
  0.08908909 -0.7697698   0.98744    -0.7437437  -0.8718719   0.9350711
 -0.9999412   0.05705706  0.18118118  0.63551456 -0.9996519   0.4214214
 -0.43743744  0.7066479  -0.9997745  -0.35935935  0.7277277   0.9503196
 -0.9999583   0.8138138   0.43943945  0.88036054 -0.9999104  -0.4214214
  0.04904905  0.6352071  -0.99968994  0.8058058  -0.07107107  0.95146877
 -0.9999565   0.08508509  0.5555556   0.6611849  -0.9997349   0.5275275
 -0.9399399   0.99694    -0.9999905  -0.24124125 -0.7497497   0.99116224
 -0.99997777 -0.6956957   0.2952953   0.8973104  -0.9999104  -0.6236236
 -0.2852853   0.95723325 -0.9999526   0.7537538  -0.5295295   0.9516609
 -0.9999563   0.4034034   0.4794795   0.8070836  -0.99984527 -0.05905906
 -0.43543544  0.7172413  -0.9997535  -0.8638639   0.7937938   0.9038964
 -0.9999326   0.45545545  0.7577578   0.92408    -0.99993557  0.4074074
 -0.04504504  0.87990373 -0.9998589  -0.8198198  -0.18318318  0.9549604
 -0.99995744  0.08908909 -0.7697698   0.8486974  -0.9998716  -0.25725725
  0.25525525 -0.01836549 -0.9992436  -0.25125125 -0.3173173   0.5532703
 -0.99959075 -0.16916917  0.11711711  0.06356741 -0.99924177  0.6576577
  0.21921922  0.7595732  -0.9998199   0.7497497   0.9259259   0.9842729
 -0.9999836   0.1931932  -0.22722723  0.6693222  -0.9997068   0.4994995
 -0.5115115   0.76377434 -0.99982     0.7137137  -0.7037037   0.8425298
 -0.9998798  -0.15915915  0.8038038   0.9768215  -0.9999705  -0.4754755
 -0.5615616   0.53470284 -0.9996352   0.07507508  0.7517518   0.93625766
 -0.9999419   0.01901902  0.32732734  0.584402   -0.99965805 -0.6136136
  0.14914915  0.81353533 -0.99984074 -0.42542544 -0.3933934   0.5672129
 -0.99964905  0.7717718  -0.32932934  0.918912   -0.99993306 -0.5895896
  0.6016016   0.61017185 -0.99972796  0.37137136  0.16916917  0.5730593
 -0.999667   -0.6716717  -0.6936937   0.879698   -0.99989474  0.9379379
  0.997998    0.9935043  -0.9999912  -0.4894895  -0.8498498   0.939878
 -0.9999528  -0.005005   -0.08708709  0.42959115 -0.9989597  -0.983984
  0.06906907  0.97304535 -0.99996895  0.3933934  -0.7637638   0.8530203
 -0.999891   -0.6236236   0.8638639   0.93765837 -0.9999498  -0.5315315
  0.47347346  0.58945215 -0.99970984  0.5395395   0.5675676   0.841378
 -0.9998765   0.7697698   0.7377377   0.9591924  -0.9999646   0.8738739
 -0.8038038   0.98492086 -0.999982   -0.13713713 -0.5115115   0.78625613
 -0.99981856 -0.2032032   0.6316316   0.75526774 -0.9998165  -0.6676677
  0.7457457   0.74681723 -0.9998176   0.8638639   0.24124125  0.931566
 -0.99994147  0.22722723  0.7797798   0.87805575 -0.9998993   0.36536536
 -0.21921922  0.6171094  -0.9996754   0.9399399  -0.2892893   0.9981383
 -0.9999909  -0.3973974   0.4054054   0.5119278  -0.9996451  -0.7737738
 -0.43343344  0.98285663 -0.9999766   0.24524525  0.09309309  0.01047766
 -0.9992415   0.15715715 -0.6176176   0.5757098  -0.9996816   0.5915916
 -0.6376376   0.80381656 -0.9998524  -0.24924925 -0.6136136   0.7823369
 -0.99982816 -0.7657658   0.03103103  0.9347633  -0.99993443 -0.14514515
 -0.96997     0.9790424  -0.999974    0.6596597  -0.01101101  0.88394874
 -0.9999071  -0.35935935  0.8998999   0.9805375  -0.99998075  0.9479479
 -0.06506506  0.9978038  -0.9999907   0.13513513 -0.05505506  0.18509346
 -0.9991937   0.3213213   0.35535535  0.7342711  -0.999789   -0.8518519
 -0.6236236   0.9208666  -0.99993175 -0.8338338   0.5575576   0.9138008
 -0.9999414   0.5495495  -0.33733734  0.7657307  -0.9998121  -0.45945945
  0.22122122  0.85955274 -0.99987054 -0.26726726 -0.05705706  0.63986534
 -0.999659    0.5135135   0.4994995   0.9714365  -0.99996763 -0.5935936
 -0.05105105  0.90179825 -0.99990636 -0.45945945 -0.7037037   0.7597067
 -0.99980855 -0.8218218   0.9159159   0.9974058  -0.999995    0.05505506
 -0.34734735  0.26599717 -0.9993902  -0.06706706  0.04904905 -0.12856425
 -0.998725   -0.06306306  0.4854855   0.7256217  -0.9997808  -1.
 -1.         -1.         -1.        ]",10,0.012615399,0.0116214715,0.011629399,0
5,1500,-0.2463786566752853,"[-0.005005   -0.08708709  0.83123684 -0.005005   -0.08708709  0.8630396
  0.08908909 -0.7697698   0.98744    -0.7437437  -0.8718719   0.93257385
 -0.9999412   0.05705706  0.18118118  0.6243223  -0.9996519   0.4214214
 -0.43743744  0.69327354 -0.9997745  -0.35935935  0.7277277   0.94875383
 -0.9999583   0.8138138   0.43943945  0.87471807 -0.9999104  -0.4214214
  0.04904905  0.6194411  -0.99968994  0.8058058  -0.07107107  0.95029956
 -0.9999565   0.08508509  0.5555556   0.6444099  -0.9997349   0.5275275
 -0.9399399   0.9976501  -0.9999905  -0.24124125 -0.7497497   0.9927897
 -0.99997777 -0.6956957   0.2952953   0.89329827 -0.9999104  -0.6236236
 -0.2852853   0.95671755 -0.9999526   0.7537538  -0.5295295   0.9505687
 -0.9999563   0.4034034   0.4794795   0.79862094 -0.99984527 -0.05905906
 -0.43543544  0.70895016 -0.9997535  -0.8638639   0.7937938   0.89953256
 -0.9999326   0.45545545  0.7577578   0.9212843  -0.99993557  0.4074074
 -0.04504504  0.87650144 -0.9998589  -0.8198198  -0.18318318  0.95370746
 -0.99995744  0.08908909 -0.7697698   0.8424881  -0.9998716  -0.25725725
  0.25525525 -0.06803646 -0.9992436  -0.25125125 -0.3173173   0.5383439
 -0.99959075 -0.16916917  0.11711711  0.02181476 -0.99924177  0.6576577
  0.21921922  0.74732864 -0.9998199   0.7497497   0.9259259   0.9839633
 -0.9999836   0.1931932  -0.22722723  0.65974647 -0.9997068   0.4994995
 -0.5115115   0.7528255  -0.99982     0.7137137  -0.7037037   0.834704
 -0.9998798  -0.15915915  0.8038038   0.97648895 -0.9999705  -0.4754755
 -0.5615616   0.51123995 -0.9996352   0.07507508  0.7517518   0.93385315
 -0.9999419   0.01901902  0.32732734  0.56662655 -0.99965805 -0.6136136
  0.14914915  0.80528075 -0.99984074 -0.42542544 -0.3933934   0.54671806
 -0.99964905  0.7717718  -0.32932934  0.9155622  -0.99993306 -0.5895896
  0.6016016   0.5902543  -0.99972796  0.37137136  0.16916917  0.55375606
 -0.999667   -0.6716717  -0.6936937   0.8740101  -0.99989474  0.9379379
  0.997998    0.9936084  -0.9999912  -0.4894895  -0.8498498   0.93797636
 -0.9999528  -0.005005   -0.08708709  0.5070995  -0.9989597  -0.983984
  0.06906907  0.97262967 -0.99996895  0.3933934  -0.7637638   0.8467703
 -0.999891   -0.6236236   0.8638639   0.9347484  -0.9999498  -0.5315315
  0.47347346  0.5689583  -0.99970984  0.5395395   0.5675676   0.8343525
 -0.9998765   0.7697698   0.7377377   0.9581145  -0.9999646   0.8738739
 -0.8038038   0.98501366 -0.999982   -0.13713713 -0.5115115   0.77959824
 -0.99981856 -0.2032032   0.6316316   0.74371576 -0.9998165  -0.6676677
  0.7457457   0.7338087  -0.9998176   0.8638639   0.24124125  0.9287852
 -0.99994147  0.22722723  0.7797798   0.87238634 -0.9998993   0.36536536
 -0.21921922  0.6022813  -0.9996754   0.9399399  -0.2892893   0.99886525
 -0.9999909  -0.3973974   0.4054054   0.48806348 -0.9996451  -0.7737738
 -0.43343344  0.9834418  -0.9999766   0.24524525  0.09309309 -0.03612309
 -0.9992415   0.15715715 -0.6176176   0.55612487 -0.9996816   0.5915916
 -0.6376376   0.7940678  -0.9998524  -0.24924925 -0.6136136   0.77390385
 -0.99982816 -0.7657658   0.03103103  0.9328618  -0.99993443 -0.14514515
 -0.96997     0.97901946 -0.999974    0.6596597  -0.01101101  0.87967867
 -0.9999071  -0.35935935  0.8998999   0.9804219  -0.99998075  0.9479479
 -0.06506506  0.9987518  -0.9999907   0.13513513 -0.05505506  0.16130078
 -0.9991937   0.3213213   0.35535535  0.72248757 -0.999789   -0.8518519
 -0.6236236   0.91727674 -0.99993175 -0.8338338   0.5575576   0.9102487
 -0.9999414   0.5495495  -0.33733734  0.7553522  -0.9998121  -0.45945945
  0.22122122  0.85478187 -0.99987054 -0.26726726 -0.05705706  0.62794846
 -0.999659    0.5135135   0.4994995   0.971247   -0.99996763 -0.5935936
 -0.05105105  0.8988596  -0.99990636 -0.45945945 -0.7037037   0.7486117
 -0.99980855 -0.8218218   0.9159159   0.99788725 -0.999995    0.05505506
 -0.34734735  0.24021778 -0.9993902  -0.06706706  0.04904905 -0.18824138
 -0.998725   -0.06306306  0.4854855   0.71399456 -0.9997808  -1.
 -1.         -1.         -1.        ]",29,0.0049655996,0.01183389,0.011765482,0
6,1510,-0.2504367878231471,"[-0.005005   -0.08708709  0.83123684 -0.005005   -0.08708709  0.8630396
  0.08908909 -0.7697698   0.98744    -0.7437437  -0.8718719   0.9321544
 -0.99994934  0.05705706  0.18118118  0.6210097  -0.99965256  0.4214214
 -0.43743744  0.6911283  -0.99977154 -0.35935935  0.7277277   0.9483058
 -0.99995404  0.8138138   0.43943945  0.87384063 -0.9999048  -0.4214214
  0.04904905  0.6163463  -0.99969083  0.8058058  -0.07107107  0.9498632
 -0.99995446  0.08508509  0.5555556   0.6418728  -0.9997433   0.5275275
 -0.9399399   0.99757105 -0.9999906  -0.24124125 -0.7497497   0.99257463
 -0.99997747 -0.6956957   0.2952953   0.89242786 -0.99991417 -0.6236236
 -0.2852853   0.9562089  -0.99995273  0.7537538  -0.5295295   0.9501668
 -0.9999571   0.4034034   0.4794795   0.7972129  -0.9998488  -0.05905906
 -0.43543544  0.7063301  -0.99974436 -0.8638639   0.7937938   0.8987728
 -0.9999306   0.45545545  0.7577578   0.9207839  -0.9999381   0.4074074
 -0.04504504  0.8753646  -0.99985886 -0.8198198  -0.18318318  0.9532677
 -0.99995446  0.08908909 -0.7697698   0.84131366 -0.99987745 -0.25725725
  0.25525525 -0.07605758 -0.99923927 -0.25125125 -0.3173173   0.5349441
 -0.9996199  -0.16916917  0.11711711  0.01379836 -0.9992367   0.6576577
  0.21921922  0.7455701  -0.9998158   0.7497497   0.9259259   0.98374015
 -0.9999833   0.1931932  -0.22722723  0.65682745 -0.9997046   0.4994995
 -0.5115115   0.7511073  -0.99981844  0.7137137  -0.7037037   0.83371896
 -0.99988204 -0.15915915  0.8038038   0.9762354  -0.99997425 -0.4754755
 -0.5615616   0.5082717  -0.9996604   0.07507508  0.7517518   0.9333316
 -0.9999434   0.01901902  0.32732734  0.56334335 -0.99965906 -0.6136136
  0.14914915  0.80390865 -0.9998469  -0.42542544 -0.3933934   0.54383713
 -0.9996743   0.7717718  -0.32932934  0.9149067  -0.9999287  -0.5895896
  0.6016016   0.5872611  -0.9997181   0.37137136  0.16916917  0.55022407
 -0.9996613  -0.6716717  -0.6936937   0.8732426  -0.9999041   0.9379379
  0.997998    0.99348813 -0.999991   -0.4894895  -0.8498498   0.93727976
 -0.99994636 -0.005005   -0.08708709  0.49563015 -0.99883085 -0.983984
  0.06906907  0.97228706 -0.9999729   0.3933934  -0.7637638   0.8457947
 -0.999885   -0.6236236   0.8638639   0.93429226 -0.99994725 -0.5315315
  0.47347346  0.565739   -0.99970025  0.5395395   0.5675676   0.83312327
 -0.9998778   0.7697698   0.7377377   0.95775896 -0.9999666   0.8738739
 -0.8038038   0.98489535 -0.9999836  -0.13713713 -0.5115115   0.77759236
 -0.99981135 -0.2032032   0.6316316   0.7422034  -0.9998115  -0.6676677
  0.7457457   0.7318679  -0.99981546  0.8638639   0.24124125  0.9282188
 -0.9999424   0.22722723  0.7797798   0.8713863  -0.9999004   0.36536536
 -0.21921922  0.59921473 -0.9996782   0.9399399  -0.2892893   0.9987724
 -0.9999901  -0.3973974   0.4054054   0.48432127 -0.99963784 -0.7737738
 -0.43343344  0.9831594  -0.9999762   0.24524525  0.09309309 -0.04381557
 -0.99923724  0.15715715 -0.6176176   0.5530997  -0.9996785   0.5915916
 -0.6376376   0.79283327 -0.999853   -0.24924925 -0.6136136   0.77199525
 -0.99982053 -0.7657658   0.03103103  0.9322883  -0.99993813 -0.14514515
 -0.96997     0.97876    -0.9999751   0.6596597  -0.01101101  0.8786766
 -0.99990195 -0.35935935  0.8998999   0.98019296 -0.99997723  0.9479479
 -0.06506506  0.9986887  -0.99999005  0.13513513 -0.05505506  0.15395437
 -0.9991925   0.3213213   0.35535535  0.72045535 -0.9997906  -0.8518519
 -0.6236236   0.9168447  -0.99993634 -0.8338338   0.5575576   0.909572
 -0.99993396  0.5495495  -0.33733734  0.7536051  -0.9998128  -0.45945945
  0.22122122  0.8535456  -0.9998757  -0.26726726 -0.05705706  0.6245402
 -0.9996585   0.5135135   0.4994995   0.9709057  -0.9999674  -0.5935936
 -0.05105105  0.8978696  -0.99990404 -0.45945945 -0.7037037   0.74707675
 -0.99982184 -0.8218218   0.9159159   0.99782646 -0.9999934   0.05505506
 -0.34734735  0.23419753 -0.99938256 -0.06706706  0.04904905 -0.20139529
 -0.9986894  -0.06306306  0.4854855   0.71209216 -0.99977565 -1.
 -1.         -1.         -1.        ]",78,0.012691332,1.0,0.98821133,34.734534698730876
7,1559,-0.2206576062194291,"[-0.06706706  0.04904905  0.81252486 -0.06706706  0.04904905  0.8427582
  0.05505506 -0.34734735  0.98552    -0.7437437  -0.8718719   0.93077326
 -0.99994934  0.05705706  0.18118118  0.6364671  -0.99965256  0.4214214
 -0.43743744  0.68293744 -0.99977154 -0.35935935  0.7277277   0.94893223
 -0.99995404  0.8138138   0.43943945  0.8714362  -0.9999048  -0.4214214
  0.04904905  0.61541706 -0.99969083  0.8058058  -0.07107107  0.9498549
 -0.99995446  0.08508509  0.5555556   0.6349376  -0.9997433   0.5275275
 -0.9399399   0.99850047 -0.9999906  -0.24124125 -0.7497497   0.99403983
 -0.99997747 -0.6956957   0.2952953   0.8920901  -0.99991417 -0.6236236
 -0.2852853   0.9571403  -0.99995273  0.7537538  -0.5295295   0.94999945
 -0.9999571   0.4034034   0.4794795   0.7937895  -0.9998488  -0.05905906
 -0.43543544  0.7007078  -0.99974436 -0.8638639   0.7937938   0.8967258
 -0.9999306   0.45545545  0.7577578   0.91983426 -0.9999381   0.4074074
 -0.04504504  0.87446755 -0.99985886 -0.8198198  -0.18318318  0.95365757
 -0.99995446  0.08908909 -0.7697698   0.8377239  -0.99987745 -0.25725725
  0.25525525 -0.09361837 -0.99923927 -0.25125125 -0.3173173   0.5264614
 -0.9996199  -0.16916917  0.11711711  0.03013081 -0.9992367   0.6576577
  0.21921922  0.7397128  -0.9998158   0.7497497   0.9259259   0.9842311
 -0.9999833   0.1931932  -0.22722723  0.6494743  -0.9997046   0.4994995
 -0.5115115   0.74437004 -0.99981844  0.7137137  -0.7037037   0.82899606
 -0.99988204 -0.15915915  0.8038038   0.97758734 -0.99997425 -0.4754755
 -0.5615616   0.4948542  -0.9996604   0.07507508  0.7517518   0.93373364
 -0.9999434   0.01901902  0.32732734  0.5630331  -0.99965906 -0.6136136
  0.14914915  0.8016494  -0.9998469  -0.42542544 -0.3933934   0.532655
 -0.9996743   0.7717718  -0.32932934  0.9134784  -0.9999287  -0.5895896
  0.6016016   0.5764373  -0.9997181   0.37137136  0.16916917  0.5413577
 -0.9996613  -0.6716717  -0.6936937   0.8709902  -0.9999041   0.9379379
  0.997998    0.9940568  -0.999991   -0.4894895  -0.8498498   0.9365925
 -0.99994636 -0.005005   -0.08708709  0.49257722 -0.99883085 -0.983984
  0.06906907  0.9729793  -0.9999729   0.3933934  -0.7637638   0.8422619
 -0.999885   -0.6236236   0.8638639   0.933941   -0.99994725 -0.5315315
  0.47347346  0.55515987 -0.99970025  0.5395395   0.5675676   0.8299407
 -0.9998778   0.7697698   0.7377377   0.9575223  -0.9999666   0.8738739
 -0.8038038   0.98514014 -0.9999836  -0.13713713 -0.5115115   0.77343035
 -0.99981135 -0.2032032   0.6316316   0.7381618  -0.9998115  -0.6676677
  0.7457457   0.72531617 -0.99981546  0.8638639   0.24124125  0.9276891
 -0.9999424   0.22722723  0.7797798   0.86969286 -0.9999004   0.36536536
 -0.21921922  0.5910949  -0.9996782   0.9399399  -0.2892893   0.9997294
 -0.9999901  -0.3973974   0.4054054   0.47322357 -0.99963784 -0.7737738
 -0.43343344  0.9845787  -0.9999762   0.24524525  0.09309309 -0.06848969
 -0.99923724  0.15715715 -0.6176176   0.54115033 -0.9996785   0.5915916
 -0.6376376   0.78697544 -0.999853   -0.24924925 -0.6136136   0.7667927
 -0.99982053 -0.7657658   0.03103103  0.93298423 -0.99993813 -0.14514515
 -0.96997     0.97936577 -0.9999751   0.6596597  -0.01101101  0.87684524
 -0.99990195 -0.35935935  0.8998999   0.98133326 -0.99997723  0.9479479
 -0.06506506  0.99984294 -0.99999005  0.13513513 -0.05505506  0.13816498
 -0.9991925   0.3213213   0.35535535  0.71559536 -0.9997906  -0.8518519
 -0.6236236   0.9155315  -0.99993634 -0.8338338   0.5575576   0.90788925
 -0.99993396  0.5495495  -0.33733734  0.7480553  -0.9998128  -0.45945945
  0.22122122  0.85543764 -0.9998757  -0.26726726 -0.05705706  0.6317028
 -0.9996585   0.5135135   0.4994995   0.9722083  -0.9999674  -0.5935936
 -0.05105105  0.89956725 -0.99990404 -0.45945945 -0.7037037   0.74071205
 -0.99982184 -0.8218218   0.9159159   0.998832   -0.9999934   0.05505506
 -0.34734735  0.2148097  -0.99938256 -0.06706706  0.04904905  0.1994055
 -0.9988127  -0.06306306  0.4854855   0.7114076  -0.99977565 -1.
 -1.         -1.         -1.        ]",18,0.0126617905,0.011612694,0.011627294,0
8,1637,-0.23260307651305565,"[-0.06706706  0.04904905  0.81252486 -0.06706706  0.04904905  0.84051865
 -0.06706706  0.04904905  0.95856345 -0.7437437  -0.8718719   0.92730737
 -0.99994934  0.05705706  0.18118118  0.63351834 -0.99965256  0.4214214
 -0.43743744  0.6668617  -0.99977154 -0.35935935  0.7277277   0.94716233
 -0.99995404  0.8138138   0.43943945  0.8655239  -0.9999048  -0.4214214
  0.04904905  0.6019024  -0.99969083  0.8058058  -0.07107107  0.9477719
 -0.99995446  0.08508509  0.5555556   0.61935824 -0.9997433   0.5275275
 -0.9399399   0.9986702  -0.9999906  -0.24124125 -0.7497497   0.9941492
 -0.99997747 -0.6956957   0.2952953   0.888127   -0.99991417 -0.6236236
 -0.2852853   0.95573306 -0.99995273  0.7537538  -0.5295295   0.94758445
 -0.9999571   0.4034034   0.4794795   0.78454024 -0.9998488  -0.05905906
 -0.43543544  0.6857514  -0.99974436 -0.8638639   0.7937938   0.8918616
 -0.9999306   0.45545545  0.7577578   0.91685486 -0.9999381   0.4074074
 -0.04504504  0.869073   -0.99985886 -0.8198198  -0.18318318  0.95210034
 -0.99995446  0.08908909 -0.7697698   0.82997674 -0.99987745 -0.25725725
  0.25525525 -0.14016615 -0.99923927 -0.25125125 -0.3173173   0.50354934
 -0.9996199  -0.16916917  0.11711711  0.00799879 -0.9992367   0.6576577
  0.21921922  0.7270396  -0.9998158   0.7497497   0.9259259   0.9838071
 -0.9999833   0.1931932  -0.22722723  0.63095057 -0.9997046   0.4994995
 -0.5115115   0.7315839  -0.99981844  0.7137137  -0.7037037   0.8206138
 -0.99988204 -0.15915915  0.8038038   0.97718453 -0.99997425 -0.4754755
 -0.5615616   0.46991217 -0.9996604   0.07507508  0.7517518   0.9319723
 -0.9999434   0.01901902  0.32732734  0.54894656 -0.99965906 -0.6136136
  0.14914915  0.7937533  -0.9998469  -0.42542544 -0.3933934   0.5100213
 -0.9996743   0.7717718  -0.32932934  0.90932584 -0.9999287  -0.5895896
  0.6016016   0.55621165 -0.9997181   0.37137136  0.16916917  0.5198264
 -0.9996613  -0.6716717  -0.6936937   0.86502    -0.9999041   0.9379379
  0.997998    0.9940463  -0.999991   -0.4894895  -0.8498498   0.9337305
 -0.99994636 -0.005005   -0.08708709  0.44026074 -0.99883085 -0.983984
  0.06906907  0.972125   -0.9999729   0.3933934  -0.7637638   0.83492917
 -0.999885   -0.6236236   0.8638639   0.9311293  -0.99994725 -0.5315315
  0.47347346  0.5344218  -0.99970025  0.5395395   0.5675676   0.8222096
 -0.9998778   0.7697698   0.7377377   0.9558201  -0.9999666   0.8738739
 -0.8038038   0.9847008  -0.9999836  -0.13713713 -0.5115115   0.7624391
 -0.99981135 -0.2032032   0.6316316   0.72637475 -0.9998115  -0.6676677
  0.7457457   0.7123124  -0.99981546  0.8638639   0.24124125  0.9244061
 -0.9999424   0.22722723  0.7797798   0.864266   -0.9999004   0.36536536
 -0.21921922  0.5707985  -0.9996782   0.9399399  -0.2892893   0.99989396
 -0.9999901  -0.3973974   0.4054054   0.44977662 -0.99963784 -0.7737738
 -0.43343344  0.98431927 -0.9999762   0.24524525  0.09309309 -0.11881172
 -0.99923724  0.15715715 -0.6176176   0.5185229  -0.9996785   0.5915916
 -0.6376376   0.7764646  -0.999853   -0.24924925 -0.6136136   0.7557341
 -0.99982053 -0.7657658   0.03103103  0.9308661  -0.99993813 -0.14514515
 -0.96997     0.9785746  -0.9999751   0.6596597  -0.01101101  0.871279
 -0.99990195 -0.35935935  0.8998999   0.98112446 -0.99997723  0.9479479
 -0.06506506  0.9999843  -0.99999005  0.13513513 -0.05505506  0.09536848
 -0.9991925   0.3213213   0.35535535  0.70316786 -0.9997906  -0.8518519
 -0.6236236   0.9115126  -0.99993634 -0.8338338   0.5575576   0.9038674
 -0.99993396  0.5495495  -0.33733734  0.7353984  -0.9998128  -0.45945945
  0.22122122  0.8513172  -0.9998757  -0.26726726 -0.05705706  0.6225107
 -0.9996585   0.5135135   0.4994995   0.97186536 -0.9999674  -0.5935936
 -0.05105105  0.8968248  -0.99990404 -0.45945945 -0.7037037   0.7279579
 -0.99982184 -0.8218218   0.9159159   0.99918294 -0.9999934   0.05505506
 -0.34734735  0.17459467 -0.99938256 -0.06706706  0.04904905  0.42927405
 -0.9988127  -0.06306306  0.4854855   0.6989005  -0.99977565 -1.
 -1.         -1.         -1.        ]",44,0.013281137,0.011900006,0.01192195,0
9,1699,-0.24627027790416567,"[-0.06706706  0.04904905  0.81252486 -0.06706706  0.04904905  0.84051865
 -0.06706706  0.04904905  0.95856345 -0.7437437  -0.8718719   0.9239121
 -0.99994934  0.05705706  0.18118118  0.6120341  -0.99965256  0.4214214
 -0.43743744  0.65172595 -0.99977154 -0.35935935  0.7277277   0.94427395
 -0.99995404  0.8138138   0.43943945  0.8596139  -0.9999048  -0.4214214
  0.04904905  0.58207154 -0.99969083  0.8058058  -0.07107107  0.94475883
 -0.99995446  0.08508509  0.5555556   0.60357505 -0.9997433   0.5275275
 -0.9399399   0.99808544 -0.9999906  -0.24124125 -0.7497497   0.9928037
 -0.99997747 -0.6956957   0.2952953   0.88271147 -0.99991417 -0.6236236
 -0.2852853   0.95309454 -0.99995273  0.7537538  -0.5295295   0.9447661
 -0.9999571   0.4034034   0.4794795   0.7749774  -0.9998488  -0.05905906
 -0.43543544  0.6701693  -0.99974436 -0.8638639   0.7937938   0.8871112
 -0.9999306   0.45545545  0.7577578   0.91288066 -0.9999381   0.4074074
 -0.04504504  0.8620282  -0.99985886 -0.8198198  -0.18318318  0.9492256
 -0.99995446  0.08908909 -0.7697698   0.8224017  -0.99987745 -0.25725725
  0.25525525 -0.18788414 -0.99923927 -0.25125125 -0.3173173   0.4792493
 -0.9996199  -0.16916917  0.11711711 -0.03988121 -0.9992367   0.6576577
  0.21921922  0.71541524 -0.9998158   0.7497497   0.9259259   0.9826352
 -0.9999833   0.1931932  -0.22722723  0.6115702  -0.9997046   0.4994995
 -0.5115115   0.7194712  -0.99981844  0.7137137  -0.7037037   0.8123804
 -0.99988204 -0.15915915  0.8038038   0.97546995 -0.99997425 -0.4754755
 -0.5615616   0.4479271  -0.9996604   0.07507508  0.7517518   0.9285349
 -0.9999434   0.01901902  0.32732734  0.527844   -0.99965906 -0.6136136
  0.14914915  0.7839434  -0.9998469  -0.42542544 -0.3933934   0.48899388
 -0.9996743   0.7717718  -0.32932934  0.9049609  -0.9999287  -0.5895896
  0.6016016   0.5384648  -0.9997181   0.37137136  0.16916917  0.4984457
 -0.9996613  -0.6716717  -0.6936937   0.85909665 -0.9999041   0.9379379
  0.997998    0.99341494 -0.999991   -0.4894895  -0.8498498   0.9305818
 -0.99994636 -0.005005   -0.08708709  0.36749107 -0.99883085 -0.983984
  0.06906907  0.97038484 -0.9999729   0.3933934  -0.7637638   0.82788104
 -0.999885   -0.6236236   0.8638639   0.9279708  -0.99994725 -0.5315315
  0.47347346  0.5156774  -0.99970025  0.5395395   0.5675676   0.8144064
 -0.9998778   0.7697698   0.7377377   0.9537167  -0.9999666   0.8738739
 -0.8038038   0.98351806 -0.9999836  -0.13713713 -0.5115115   0.750991
 -0.99981135 -0.2032032   0.6316316   0.71479744 -0.9998115  -0.6676677
  0.7457457   0.70062196 -0.99981546  0.8638639   0.24124125  0.9205827
 -0.9999424   0.22722723  0.7797798   0.8581306  -0.9999004   0.36536536
 -0.21921922  0.5506724  -0.9996782   0.9399399  -0.2892893   0.99927473
 -0.9999901  -0.3973974   0.4054054   0.42714992 -0.99963784 -0.7737738
 -0.43343344  0.9828923  -0.9999762   0.24524525  0.09309309 -0.16696969
 -0.99923724  0.15715715 -0.6176176   0.49861628 -0.9996785   0.5915916
 -0.6376376   0.76630884 -0.999853   -0.24924925 -0.6136136   0.74482024
 -0.99982053 -0.7657658   0.03103103  0.92668927 -0.99993813 -0.14514515
 -0.96997     0.97715336 -0.9999751   0.6596597  -0.01101101  0.86489034
 -0.99990195 -0.35935935  0.8998999   0.9796727  -0.99997723  0.9479479
 -0.06506506  0.9992896  -0.99999005  0.13513513 -0.05505506  0.04898618
 -0.9991925   0.3213213   0.35535535  0.68997926 -0.9997906  -0.8518519
 -0.6236236   0.90768665 -0.99993634 -0.8338338   0.5575576   0.8995817
 -0.99993396  0.5495495  -0.33733734  0.72352815 -0.9998128  -0.45945945
  0.22122122  0.8434358  -0.9998757  -0.26726726 -0.05705706  0.6006151
 -0.9996585   0.5135135   0.4994995   0.9700165  -0.9999674  -0.5935936
 -0.05105105  0.89075136 -0.99990404 -0.45945945 -0.7037037   0.71611875
 -0.99982184 -0.8218218   0.9159159   0.99870855 -0.9999934   0.05505506
 -0.34734735  0.13696097 -0.99938256 -0.06706706  0.04904905  0.3477589
 -0.9988127  -0.06306306  0.4854855   0.6859785  -0.99977565 -1.
 -1.         -1.         -1.        ]",72,0.013343313,0.013293658,0.013294545,0
10,1716,-0.2501866954546897,"[-0.06706706  0.04904905  0.81252486 -0.06706706  0.04904905  0.84051865
 -0.06706706  0.04904905  0.95856345 -0.7437437  -0.8718719   0.92300993
 -0.9999441   0.05705706  0.18118118  0.6054725  -0.99964803  0.4214214
 -0.43743744  0.64782286 -0.9997612  -0.35935935  0.7277277   0.9435994
 -0.99995416  0.8138138   0.43943945  0.85801387 -0.99990577 -0.4214214
  0.04904905  0.57714826 -0.99969476  0.8058058  -0.07107107  0.9440956
 -0.99995416  0.08508509  0.5555556   0.59884226 -0.99974066  0.5275275
 -0.9399399   0.99794316 -0.99999064 -0.24124125 -0.7497497   0.99244934
 -0.99997723 -0.6956957   0.2952953   0.8814059  -0.9999139  -0.6236236
 -0.2852853   0.95245016 -0.99995303  0.7537538  -0.5295295   0.94406885
 -0.9999552   0.4034034   0.4794795   0.7723764  -0.9998459  -0.05905906
 -0.43543544  0.66586727 -0.99974847 -0.8638639   0.7937938   0.885799
 -0.99992484  0.45545545  0.7577578   0.9117321  -0.99993515  0.4074074
 -0.04504504  0.86042833 -0.99985987 -0.8198198  -0.18318318  0.9485508
 -0.99995434  0.08908909 -0.7697698   0.8200528  -0.99987555 -0.25725725
  0.25525525 -0.20059697 -0.9992278  -0.25125125 -0.3173173   0.4728399
 -0.9996111  -0.16916917  0.11711711 -0.05268141 -0.9992258   0.6576577
  0.21921922  0.7123154  -0.99981505  0.7497497   0.9259259   0.98232824
 -0.9999835   0.1931932  -0.22722723  0.60638046 -0.9996914   0.4994995
 -0.5115115   0.7163857  -0.99980944  0.7137137  -0.7037037   0.8103974
 -0.9998743  -0.15915915  0.8038038   0.97495997 -0.999972   -0.4754755
 -0.5615616   0.44224197 -0.9996532   0.07507508  0.7517518   0.9274681
 -0.9999435   0.01901902  0.32732734  0.52139586 -0.99965435 -0.6136136
  0.14914915  0.7815529  -0.99984884 -0.42542544 -0.3933934   0.4835131
 -0.9996673   0.7717718  -0.32932934  0.9036218  -0.99992824 -0.5895896
  0.6016016   0.5337293  -0.99971604  0.37137136  0.16916917  0.4926587
 -0.99965817 -0.6716717  -0.6936937   0.8574345  -0.9999062   0.9379379
  0.997998    0.9932496  -0.9999911  -0.4894895  -0.8498498   0.9297336
 -0.99994856 -0.005005   -0.08708709  0.34740773 -0.99883074 -0.983984
  0.06906907  0.96990746 -0.9999718   0.3933934  -0.7637638   0.825723
 -0.99988574 -0.6236236   0.8638639   0.9271615  -0.99995035 -0.5315315
  0.47347346  0.5106227  -0.9996984   0.5395395   0.5675676   0.81230694
 -0.99987566  0.7697698   0.7377377   0.95312417 -0.9999649   0.8738739
 -0.8038038   0.9831928  -0.99998206 -0.13713713 -0.5115115   0.7479421
 -0.99981403 -0.2032032   0.6316316   0.7116163  -0.9998124  -0.6676677
  0.7457457   0.697413   -0.9998157   0.8638639   0.24124125  0.9196109
 -0.99994206  0.22722723  0.7797798   0.8562926  -0.9998996   0.36536536
 -0.21921922  0.5450752  -0.9996768   0.9399399  -0.2892893   0.99911994
 -0.9999902  -0.3973974   0.4054054   0.42108795 -0.9996384  -0.7737738
 -0.43343344  0.98254234 -0.99997705  0.24524525  0.09309309 -0.1797527
 -0.99922705  0.15715715 -0.6176176   0.4926967  -0.99967664  0.5915916
 -0.6376376   0.7637944  -0.9998433  -0.24924925 -0.6136136   0.7419439
 -0.9998242  -0.7657658   0.03103103  0.9257139  -0.9999373  -0.14514515
 -0.96997     0.9767019  -0.9999763   0.6596597  -0.01101101  0.86347264
 -0.99990135 -0.35935935  0.8998999   0.97936004 -0.99997795  0.9479479
 -0.06506506  0.999179   -0.9999906   0.13513513 -0.05505506  0.03661087
 -0.9991794   0.3213213   0.35535535  0.68637383 -0.9997857  -0.8518519
 -0.6236236   0.90657085 -0.9999365  -0.8338338   0.5575576   0.8985102
 -0.99993145  0.5495495  -0.33733734  0.7203484  -0.99981046 -0.45945945
  0.22122122  0.8413989  -0.99987376 -0.26726726 -0.05705706  0.59513813
 -0.99966234  0.5135135   0.4994995   0.9695614  -0.9999677  -0.5935936
 -0.05105105  0.8891101  -0.9999061  -0.45945945 -0.7037037   0.7131778
 -0.99981415 -0.8218218   0.9159159   0.9985869  -0.99999267  0.05505506
 -0.34734735  0.12600468 -0.999391   -0.06706706  0.04904905  0.3259316
 -0.9986914  -0.06306306  0.4854855   0.6823945  -0.9997772  -1.
 -1.         -1.         -1.        ]",20,0.013884317,0.9999991,0.9804534,75.29894974016374
11,1819,-0.2629920871945291,"[-0.25725725  0.25525525  0.780106   -0.25725725  0.25525525  0.8058705
 -0.25725725  0.25525525  0.9295166  -0.7437437  -0.8718719   0.9210261
 -0.9999443   0.05705706  0.18118118  0.6116908  -0.99965566  0.4214214
 -0.43743744  0.6292878  -0.9997716  -0.35935935  0.7277277   0.95671517
 -0.99995303  0.8138138   0.43943945  0.85379106 -0.99991244 -0.4214214
  0.04904905  0.6155266  -0.999693    0.8058058  -0.07107107  0.9438052
 -0.99995494  0.08508509  0.5555556   0.5978986  -0.99973685  0.5275275
 -0.9399399   0.99953175 -0.9999899  -0.24124125 -0.7497497   0.9960182
 -0.99997663 -0.6956957   0.2952953   0.9004838  -0.9999019  -0.6236236
 -0.2852853   0.9581286  -0.99995476  0.7537538  -0.5295295   0.9433843
 -0.99995846  0.4034034   0.4794795   0.76711005 -0.99984586 -0.05905906
 -0.43543544  0.6504752  -0.99974406 -0.8638639   0.7937938   0.8862094
 -0.9999274   0.45545545  0.7577578   0.91366553 -0.9999379   0.4074074
 -0.04504504  0.85693836 -0.9998581  -0.8198198  -0.18318318  0.9540361
 -0.9999481   0.08908909 -0.7697698   0.81212115 -0.99987966 -0.25725725
  0.25525525  0.4452638  -0.9992439  -0.25125125 -0.3173173   0.45025286
 -0.999617   -0.16916917  0.11711711 -0.00260486 -0.9992394   0.6576577
  0.21921922  0.6996517  -0.9998241   0.7497497   0.9259259   0.9840394
 -0.9999814   0.1931932  -0.22722723  0.5855031  -0.9997105   0.4994995
 -0.5115115   0.7018185  -0.9998181   0.7137137  -0.7037037   0.80049783
 -0.99988097 -0.15915915  0.8038038   0.98672944 -0.9999707  -0.4754755
 -0.5615616   0.4148607  -0.9996583   0.07507508  0.7517518   0.93637264
 -0.99994004  0.01901902  0.32732734  0.5283128  -0.99966156 -0.6136136
  0.14914915  0.7970856  -0.9998482  -0.42542544 -0.3933934   0.46117103
 -0.9996734   0.7717718  -0.32932934  0.9002261  -0.9999265  -0.5895896
  0.6016016   0.5261362  -0.9997275   0.37137136  0.16916917  0.47140622
 -0.9996727  -0.6716717  -0.6936937   0.8535233  -0.9999039   0.9379379
  0.997998    0.9951261  -0.99999    -0.4894895  -0.8498498   0.92903817
 -0.999949   -0.005005   -0.08708709  0.25622404 -0.99883556 -0.983984
  0.06906907  0.9764657  -0.99997145  0.3933934  -0.7637638   0.81703675
 -0.99987835 -0.6236236   0.8638639   0.93296784 -0.99995524 -0.5315315
  0.47347346  0.51641    -0.9997107   0.5395395   0.5675676   0.80703294
 -0.9998749   0.7697698   0.7377377   0.9539867  -0.9999628   0.8738739
 -0.8038038   0.9837175  -0.99998146 -0.13713713 -0.5115115   0.7376838
 -0.9998117  -0.2032032   0.6316316   0.7259522  -0.9998057  -0.6676677
  0.7457457   0.69160336 -0.99982285  0.8638639   0.24124125  0.91803217
 -0.9999417   0.22722723  0.7797798   0.85700303 -0.9998988   0.36536536
 -0.21921922  0.52265316 -0.99968654  0.9399399  -0.2892893   0.9999967
 -0.9999888  -0.3973974   0.4054054   0.4736181  -0.9996501  -0.7737738
 -0.43343344  0.98773    -0.99997705  0.24524525  0.09309309 -0.23952085
 -0.99944764  0.15715715 -0.6176176   0.46467784 -0.9996733   0.5915916
 -0.6376376   0.7511936  -0.9998501  -0.24924925 -0.6136136   0.73103595
 -0.9998213  -0.7657658   0.03103103  0.9370977  -0.99993587 -0.14514515
 -0.96997     0.9776043  -0.9999737   0.6596597  -0.01101101  0.8592199
 -0.9999033  -0.35935935  0.8998999   0.9897778  -0.9999765   0.9479479
 -0.06506506  1.         -0.99999076  0.13513513 -0.05505506 -0.01913686
 -0.9992036   0.3213213   0.35535535  0.6779725  -0.99978924 -0.8518519
 -0.6236236   0.90500563 -0.9999361  -0.8338338   0.5575576   0.9018892
 -0.9999364   0.5495495  -0.33733734  0.7073838  -0.99981797 -0.45945945
  0.22122122  0.9160798  -0.99986285 -0.26726726 -0.05705706  0.61656433
 -0.99966294  0.5135135   0.4994995   0.974391   -0.99996823 -0.5935936
 -0.05105105  0.9075865  -0.99990255 -0.45945945 -0.7037037   0.7005057
 -0.99981827 -0.8218218   0.9159159   1.         -0.9999943   0.05505506
 -0.34734735  0.07454101 -0.999374   -0.06706706  0.04904905  0.24487883
 -0.9986973  -0.06306306  0.4854855   0.6993703  -0.99976915 -1.
 -1.         -1.         -1.        ]",57,0.014172265,1.0,0.97852737,38.59174675648825
12,1910,-0.2125444430473646,"[ 0.24524525  0.09309309  0.7577234   0.24524525  0.09309309  0.78473234
 -0.45945945 -0.7037037   0.9258766  -0.7437437  -0.8718719   0.9175134
 -0.99994946  0.05705706  0.18118118  0.60865    -0.9996591   0.4214214
 -0.43743744  0.61370885 -0.9997687  -0.35935935  0.7277277   0.95554906
 -0.99996     0.8138138   0.43943945  0.8494322  -0.99990284 -0.4214214
  0.04904905  0.59526044 -0.9997092   0.8058058  -0.07107107  0.94422543
 -0.99995524  0.08508509  0.5555556   0.5824397  -0.9997431   0.5275275
 -0.9399399   1.         -0.9999899  -0.24124125 -0.7497497   0.9960786
 -0.999977   -0.6956957   0.2952953   0.8962355  -0.9999161  -0.6236236
 -0.2852853   0.95614237 -0.9999528   0.7537538  -0.5295295   0.9422156
 -0.99995714  0.4034034   0.4794795   0.7625173  -0.99984956 -0.05905906
 -0.43543544  0.63232243 -0.99974924 -0.8638639   0.7937938   0.8806752
 -0.9999266   0.45545545  0.7577578   0.91223425 -0.9999407   0.4074074
 -0.04504504  0.8626836  -0.99986106 -0.8198198  -0.18318318  0.9517998
 -0.9999526   0.08908909 -0.7697698   0.8032957  -0.99988085 -0.25725725
  0.25525525  0.4123021  -0.999242   -0.25125125 -0.3173173   0.42081305
 -0.99962026 -0.16916917  0.11711711 -0.05902033 -0.9992212   0.6576577
  0.21921922  0.6887517  -0.99981004  0.7497497   0.9259259   0.9842414
 -0.99998087  0.1931932  -0.22722723  0.5679982  -0.999691    0.4994995
 -0.5115115   0.6891371  -0.99981564  0.7137137  -0.7037037   0.7915914
 -0.99987423 -0.15915915  0.8038038   0.98719096 -0.99997455 -0.4754755
 -0.5615616   0.38619906 -0.99966204  0.07507508  0.7517518   0.93557966
 -0.99994373  0.01901902  0.32732734  0.51672745 -0.99966407 -0.6136136
  0.14914915  0.787481   -0.99986285 -0.42542544 -0.3933934   0.43450263
 -0.9996771   0.7717718  -0.32932934  0.8977413  -0.99993235 -0.5895896
  0.6016016   0.5022243  -0.99970263  0.37137136  0.16916917  0.49028966
 -0.99965984 -0.6716717  -0.6936937   0.8468747  -0.9999106   0.9379379
  0.997998    0.9956632  -0.9999897  -0.4894895  -0.8498498   0.9258678
 -0.99995023 -0.005005   -0.08708709  0.16882555 -0.99883294 -0.983984
  0.06906907  0.9755051  -0.99997413  0.3933934  -0.7637638   0.8084935
 -0.9998776  -0.6236236   0.8638639   0.93042934 -0.99995065 -0.5315315
  0.47347346  0.49198857 -0.99968386  0.5395395   0.5675676   0.80151254
 -0.99987787  0.7697698   0.7377377   0.9534811  -0.9999661   0.8738739
 -0.8038038   0.9836118  -0.99998087 -0.13713713 -0.5115115   0.7242862
 -0.9998158  -0.2032032   0.6316316   0.71407187 -0.99982005 -0.6676677
  0.7457457   0.67665535 -0.9998114   0.8638639   0.24124125  0.9169546
 -0.99994016  0.22722723  0.7797798   0.8517647  -0.9999014   0.36536536
 -0.21921922  0.5111911  -0.9996801   0.9399399  -0.2892893   1.
 -0.9999921  -0.3973974   0.4054054   0.44731066 -0.99963063 -0.7737738
 -0.43343344  0.98719317 -0.9999763   0.24524525  0.09309309  0.17880048
 -0.99917936  0.15715715 -0.6176176   0.43846545 -0.99967206  0.5915916
 -0.6376376   0.7401619  -0.99984694 -0.24924925 -0.6136136   0.71763104
 -0.9998261  -0.7657658   0.03103103  0.9342656  -0.99994147 -0.14514515
 -0.96997     0.976801   -0.999977    0.6596597  -0.01101101  0.857951
 -0.9999013  -0.35935935  0.8998999   0.99001426 -0.9999805   0.9479479
 -0.06506506  1.         -0.9999907   0.13513513 -0.05505506 -0.04567165
 -0.9991847   0.3213213   0.35535535  0.6758649  -0.99978614 -0.8518519
 -0.6236236   0.9008099  -0.9999399  -0.8338338   0.5575576   0.89687866
 -0.99992865  0.5495495  -0.33733734  0.6963017  -0.99981517 -0.45945945
  0.22122122  0.9122031  -0.99988043 -0.26726726 -0.05705706  0.5941509
 -0.9996786   0.5135135   0.4994995   0.9778472  -0.9999643  -0.5935936
 -0.05105105  0.90265304 -0.99990743 -0.45945945 -0.7037037   0.68569344
 -0.99981743 -0.8218218   0.9159159   1.         -0.9999919   0.05505506
 -0.34734735  0.02587155 -0.9993801  -0.06706706  0.04904905  0.14208242
 -0.9987004  -0.06306306  0.4854855   0.6870219  -0.9997845  -1.
 -1.         -1.         -1.        ]",62,0.014274373,0.011216873,0.011289451,0
13,2023,-0.23371189957628305,"[ 0.24524525  0.09309309  0.7577234   0.24524525  0.09309309  0.7784706
 -0.4894895  -0.8498498   0.9253966  -0.7437437  -0.8718719   0.9114981
 -0.99994946  0.05705706  0.18118118  0.5747537  -0.9996591   0.4214214
 -0.43743744  0.5883613  -0.9997687  -0.35935935  0.7277277   0.95083237
 -0.99996     0.8138138   0.43943945  0.8396714  -0.99990284 -0.4214214
  0.04904905  0.5629872  -0.9997092   0.8058058  -0.07107107  0.9396449
 -0.99995524  0.08508509  0.5555556   0.5550607  -0.9997431   0.5275275
 -0.9399399   0.99910116 -0.9999899  -0.24124125 -0.7497497   0.9937336
 -0.999977   -0.6956957   0.2952953   0.88660556 -0.9999161  -0.6236236
 -0.2852853   0.951215   -0.9999528   0.7537538  -0.5295295   0.9377511
 -0.99995714  0.4034034   0.4794795   0.74681324 -0.99984956 -0.05905906
 -0.43543544  0.60373324 -0.99974924 -0.8638639   0.7937938   0.87210387
 -0.9999266   0.45545545  0.7577578   0.90538627 -0.9999407   0.4074074
 -0.04504504  0.8527163  -0.99986106 -0.8198198  -0.18318318  0.94730866
 -0.9999526   0.08908909 -0.7697698   0.7912662  -0.99988085 -0.25725725
  0.25525525  0.32693562 -0.999242   -0.25125125 -0.3173173   0.37792844
 -0.99962026 -0.16916917  0.11711711 -0.14424554 -0.9992212   0.6576577
  0.21921922  0.6696365  -0.99981004  0.7497497   0.9259259   0.9827414
 -0.99998087  0.1931932  -0.22722723  0.5351113  -0.999691    0.4994995
 -0.5115115   0.6689016  -0.99981564  0.7137137  -0.7037037   0.77844876
 -0.99987423 -0.15915915  0.8038038   0.9843421  -0.99997455 -0.4754755
 -0.5615616   0.34764326 -0.99966204  0.07507508  0.7517518   0.92990184
 -0.99994373  0.01901902  0.32732734  0.48171404 -0.99966407 -0.6136136
  0.14914915  0.7714985  -0.99986285 -0.42542544 -0.3933934   0.3974684
 -0.9996771   0.7717718  -0.32932934  0.89069957 -0.99993235 -0.5895896
  0.6016016   0.46987176 -0.99970263  0.37137136  0.16916917  0.46161464
 -0.99965984 -0.6716717  -0.6936937   0.83632267 -0.9999106   0.9379379
  0.997998    0.9949268  -0.9999897  -0.4894895  -0.8498498   0.92016387
 -0.99995023 -0.005005   -0.08708709  0.04090306 -0.99883294 -0.983984
  0.06906907  0.9729952  -0.99997413  0.3933934  -0.7637638   0.79604834
 -0.9998776  -0.6236236   0.8638639   0.9253454  -0.99995065 -0.5315315
  0.47347346  0.45797807 -0.99968386  0.5395395   0.5675676   0.78842914
 -0.99987787  0.7697698   0.7377377   0.9496733  -0.9999661   0.8738739
 -0.8038038   0.98170143 -0.99998087 -0.13713713 -0.5115115   0.7028168
 -0.9998158  -0.2032032   0.6316316   0.69365156 -0.99982005 -0.6676677
  0.7457457   0.65561056 -0.9998114   0.8638639   0.24124125  0.9114305
 -0.99994016  0.22722723  0.7797798   0.84197444 -0.9999014   0.36536536
 -0.21921922  0.4792534  -0.9996801   0.9399399  -0.2892893   0.9991113
 -0.9999921  -0.3973974   0.4054054   0.40657493 -0.99963063 -0.7737738
 -0.43343344  0.98464006 -0.9999763   0.24524525  0.09309309  0.18220885
 -0.99917936  0.15715715 -0.6176176   0.40423024 -0.99967206  0.5915916
 -0.6376376   0.7237093  -0.99984694 -0.24924925 -0.6136136   0.69730544
 -0.9998261  -0.7657658   0.03103103  0.9280837  -0.99994147 -0.14514515
 -0.96997     0.9746163  -0.999977    0.6596597  -0.01101101  0.8477752
 -0.9999013  -0.35935935  0.8998999   0.98784494 -0.9999805   0.9479479
 -0.06506506  0.99882567 -0.9999907   0.13513513 -0.05505506 -0.1216381
 -0.9991847   0.3213213   0.35535535  0.6549739  -0.99978614 -0.8518519
 -0.6236236   0.89400256 -0.9999399  -0.8338338   0.5575576   0.88916266
 -0.99992865  0.5495495  -0.33733734  0.67656153 -0.99981517 -0.45945945
  0.22122122  0.89860237 -0.99988043 -0.26726726 -0.05705706  0.55869824
 -0.9996786   0.5135135   0.4994995   0.97499275 -0.9999643  -0.5935936
 -0.05105105  0.893257   -0.99990743 -0.45945945 -0.7037037   0.66517425
 -0.99981743 -0.8218218   0.9159159   0.99928236 -0.9999919   0.05505506
 -0.34734735 -0.0416069  -0.9993801  -0.06706706  0.04904905 -0.00105742
 -0.9987004  -0.06306306  0.4854855   0.6645083  -0.9997845  -1.
 -1.         -1.         -1.        ]",10,0.000746663,0.01141587,0.011141775,0
14,2097,-0.25020684029837165,"[ 0.24524525  0.09309309  0.7577234   0.24524525  0.09309309  0.7784706
 -0.4894895  -0.8498498   0.9253966  -0.7437437  -0.8718719   0.9076924
 -0.9999469   0.05705706  0.18118118  0.54891664 -0.99965596  0.4214214
 -0.43743744  0.5715571  -0.99977064 -0.35935935  0.7277277   0.94730985
 -0.9999537   0.8138138   0.43943945  0.8329098  -0.99990684 -0.4214214
  0.04904905  0.5409585  -0.99970317  0.8058058  -0.07107107  0.93637186
 -0.9999536   0.08508509  0.5555556   0.5360907  -0.99974716  0.5275275
 -0.9399399   0.9983708  -0.9999905  -0.24124125 -0.7497497   0.99204767
 -0.9999772  -0.6956957   0.2952953   0.88041633 -0.9999153  -0.6236236
 -0.2852853   0.94825643 -0.9999528   0.7537538  -0.5295295   0.9345407
 -0.9999558   0.4034034   0.4794795   0.73506135 -0.999845   -0.05905906
 -0.43543544  0.584804   -0.99974334 -0.8638639   0.7937938   0.8666774
 -0.9999237   0.45545545  0.7577578   0.90041506 -0.999934    0.4074074
 -0.04504504  0.84463274 -0.99985856 -0.8198198  -0.18318318  0.9440103
 -0.99995714  0.08908909 -0.7697698   0.7822231  -0.9998823  -0.25725725
  0.25525525  0.27071127 -0.9992381  -0.25125125 -0.3173173   0.3482222
 -0.99961036 -0.16916917  0.11711711 -0.20066135 -0.9992364   0.6576577
  0.21921922  0.65661126 -0.9998192   0.7497497   0.9259259   0.9816532
 -0.9999842   0.1931932  -0.22722723  0.51317364 -0.9996983   0.4994995
 -0.5115115   0.65553814 -0.99981713  0.7137137  -0.7037037   0.7697984
 -0.99988174 -0.15915915  0.8038038   0.9820881  -0.999971   -0.4754755
 -0.5615616   0.32091314 -0.9996517   0.07507508  0.7517518   0.9259192
 -0.9999447   0.01901902  0.32732734  0.45633137 -0.99966127 -0.6136136
  0.14914915  0.7608716  -0.99985415 -0.42542544 -0.3933934   0.37178132
 -0.99966466  0.7717718  -0.32932934  0.885787   -0.99993247 -0.5895896
  0.6016016   0.44959396 -0.9997165   0.37137136  0.16916917  0.43671432
 -0.99966466 -0.6716717  -0.6936937   0.8287258  -0.9999034   0.9379379
  0.997998    0.99434054 -0.9999915  -0.4894895  -0.8498498   0.91611063
 -0.99994713 -0.005005   -0.08708709 -0.04615155 -0.99883497 -0.983984
  0.06906907  0.9711313  -0.9999747   0.3933934  -0.7637638   0.787881
 -0.9998865  -0.6236236   0.8638639   0.9215785  -0.9999524  -0.5315315
  0.47347346  0.43637645 -0.9997003   0.5395395   0.5675676   0.7788722
 -0.9998739   0.7697698   0.7377377   0.9469774  -0.999963    0.8738739
 -0.8038038   0.98063695 -0.99998236 -0.13713713 -0.5115115   0.6886026
 -0.9998072  -0.2032032   0.6316316   0.6793103  -0.9998113  -0.6676677
  0.7457457   0.6419076  -0.9998139   0.8638639   0.24124125  0.90729713
 -0.9999444   0.22722723  0.7797798   0.83520615 -0.99990433  0.36536536
 -0.21921922  0.45647752 -0.9996869   0.9399399  -0.2892893   0.9984674
 -0.99999124 -0.3973974   0.4054054   0.38037714 -0.9996395  -0.7737738
 -0.43343344  0.98316115 -0.9999768   0.24524525  0.09309309  0.1250712
 -0.9992345   0.15715715 -0.6176176   0.3806068  -0.9996849   0.5915916
 -0.6376376   0.71289474 -0.9998515  -0.24924925 -0.6136136   0.6837572
 -0.9998175  -0.7657658   0.03103103  0.92359203 -0.99994135 -0.14514515
 -0.96997     0.9726757  -0.99997586  0.6596597  -0.01101101  0.8406168
 -0.9999002  -0.35935935  0.8998999   0.98618114 -0.9999775   0.9479479
 -0.06506506  0.9981211  -0.99998957  0.13513513 -0.05505506 -0.17681406
 -0.9991924   0.3213213   0.35535535  0.63892794 -0.99978596 -0.8518519
 -0.6236236   0.88878256 -0.99993575 -0.8338338   0.5575576   0.88479227
 -0.99993294  0.5495495  -0.33733734  0.66313124 -0.99981576 -0.45945945
  0.22122122  0.8894285  -0.99987715 -0.26726726 -0.05705706  0.5342214
 -0.99967194  0.5135135   0.4994995   0.9725466  -0.99996555 -0.5935936
 -0.05105105  0.88621694 -0.99990857 -0.45945945 -0.7037037   0.65123016
 -0.9998147  -0.8218218   0.9159159   0.9987593  -0.9999929   0.05505506
 -0.34734735 -0.08722957 -0.9993879  -0.06706706  0.04904905 -0.09727603
 -0.99870694 -0.06306306  0.4854855   0.6483943  -0.9997763  -1.
 -1.         -1.         -1.        ]",22,0.014316261,1.0,0.9727568,39.30604653433804
15,2177,-0.2571791923795364,"[-0.16916917  0.11711711  0.73363644 -0.16916917  0.11711711  0.7533527
 -0.26726726 -0.05705706  0.9222366  -0.7437437  -0.8718719   0.90459913
 -0.99994415  0.05705706  0.18118118  0.54585135 -0.99965215  0.4214214
 -0.43743744  0.55494964 -0.9997558  -0.35935935  0.7277277   0.9477676
 -0.9999568   0.8138138   0.43943945  0.8275108  -0.9999079  -0.4214214
  0.04904905  0.54463524 -0.9997034   0.8058058  -0.07107107  0.9344113
 -0.99995255  0.08508509  0.5555556   0.5228753  -0.999741    0.5275275
 -0.9399399   0.9987219  -0.9999882  -0.24124125 -0.7497497   0.99267447
 -0.9999744  -0.6956957   0.2952953   0.8801685  -0.9999213  -0.6236236
 -0.2852853   0.948615   -0.99995285  0.7537538  -0.5295295   0.9325331
 -0.99995315  0.4034034   0.4794795   0.72721744 -0.99984974 -0.05905906
 -0.43543544  0.56982535 -0.9997433  -0.8638639   0.7937938   0.8627793
 -0.99992687  0.45545545  0.7577578   0.89803135 -0.99993664  0.4074074
 -0.04504504  0.8397572  -0.9998646  -0.8198198  -0.18318318  0.9443085
 -0.9999563   0.08908909 -0.7697698   0.77424854 -0.99987394 -0.25725725
  0.25525525  0.26577654 -0.99924153 -0.25125125 -0.3173173   0.3265847
 -0.9996055  -0.16916917  0.11711711  0.2288997  -0.9990956   0.6576577
  0.21921922  0.6451595  -0.99982154  0.7497497   0.9259259   0.98163307
 -0.9999874   0.1931932  -0.22722723  0.493907   -0.99968594  0.4994995
 -0.5115115   0.6423602  -0.999805    0.7137137  -0.7037037   0.76111156
 -0.999874   -0.15915915  0.8038038   0.983364   -0.99997044 -0.4754755
 -0.5615616   0.29611796 -0.99964637  0.07507508  0.7517518   0.9253294
 -0.99994284  0.01901902  0.32732734  0.44644237 -0.9996582  -0.6136136
  0.14914915  0.75759166 -0.9998536  -0.42542544 -0.3933934   0.34999004
 -0.99966055  0.7717718  -0.32932934  0.88251644 -0.99993455 -0.5895896
  0.6016016   0.4313334  -0.999716    0.37137136  0.16916917  0.41636398
 -0.9996708  -0.6716717  -0.6936937   0.8234426  -0.99990755  0.9379379
  0.997998    0.9946591  -0.9999932  -0.4894895  -0.8498498   0.91381216
 -0.99994475 -0.005005   -0.08708709 -0.11706162 -0.9988391  -0.983984
  0.06906907  0.97173244 -0.99997276  0.3933934  -0.7637638   0.78011906
 -0.999884   -0.6236236   0.8638639   0.9199521  -0.9999465  -0.5315315
  0.47347346  0.4189665  -0.99969697  0.5395395   0.5675676   0.7721101
 -0.99987763  0.7697698   0.7377377   0.94593006 -0.999964    0.8738739
 -0.8038038   0.98012626 -0.99997973 -0.13713713 -0.5115115   0.677617
 -0.99980307 -0.2032032   0.6316316   0.6717014  -0.9998118  -0.6676677
  0.7457457   0.62968796 -0.9998092   0.8638639   0.24124125  0.90501976
 -0.9999454   0.22722723  0.7797798   0.8307148  -0.99990195  0.36536536
 -0.21921922  0.43632868 -0.9996772   0.9399399  -0.2892893   0.99905527
 -0.99999076 -0.3973974   0.4054054   0.3633128  -0.99963474 -0.7737738
 -0.43343344  0.9842162  -0.99997705  0.24524525  0.09309309  0.0749072
 -0.9992557   0.15715715 -0.6176176   0.35731894 -0.9996764   0.5915916
 -0.6376376   0.7021047  -0.99984366 -0.24924925 -0.6136136   0.6724443
 -0.99981236 -0.7657658   0.03103103  0.92410934 -0.99993753 -0.14514515
 -0.96997     0.9721447  -0.99997425  0.6596597  -0.01101101  0.8354923
 -0.9999037  -0.35935935  0.8998999   0.9875115  -0.9999797   0.9479479
 -0.06506506  0.99897283 -0.99999136  0.13513513 -0.05505506 -0.2223321
 -0.9991703   0.3213213   0.35535535  0.62760353 -0.99978906 -0.8518519
 -0.6236236   0.88575125 -0.99994254 -0.8338338   0.5575576   0.8823702
 -0.9999392   0.5495495  -0.33733734  0.6513039  -0.99981254 -0.45945945
  0.22122122  0.8955343  -0.99988294 -0.26726726 -0.05705706  0.5469782
 -0.99967223  0.5135135   0.4994995   0.9727984  -0.99996763 -0.5935936
 -0.05105105  0.88853717 -0.9999081  -0.45945945 -0.7037037   0.63871247
 -0.9998084  -0.8218218   0.9159159   0.9999919  -0.9999931   0.05505506
 -0.34734735 -0.12991916 -0.9993824  -0.06706706  0.04904905 -0.13409728
 -0.9987092  -0.06306306  0.4854855   0.6407826  -0.99977726 -1.
 -1.         -1.         -1.        ]",66,0.015074168,0.9999991,0.97086143,79.89147077697888
16,2291,-0.246977193300313,"[ 0.13513513 -0.05505506  0.6919505   0.13513513 -0.05505506  0.7089109
 -0.16916917  0.11711711  0.89689255 -0.7437437  -0.8718719   0.90241975
 -0.99994355  0.05705706  0.18118118  0.56728107 -0.9996528   0.4214214
 -0.43743744  0.545998   -0.99977565 -0.35935935  0.7277277   0.9490444
 -0.9999547   0.8138138   0.43943945  0.8245708  -0.99991196 -0.4214214
  0.04904905  0.5399387  -0.99970615  0.8058058  -0.07107107  0.9383621
 -0.9999538   0.08508509  0.5555556   0.5077893  -0.9997475   0.5275275
 -0.9399399   1.         -0.99998933 -0.24124125 -0.7497497   0.99816203
 -0.999977   -0.6956957   0.2952953   0.8793173  -0.9999133  -0.6236236
 -0.2852853   0.9509944  -0.99995214  0.7537538  -0.5295295   0.93494207
 -0.99995434  0.4034034   0.4794795   0.7223596  -0.99984926 -0.05905906
 -0.43543544  0.563456   -0.9997447  -0.8638639   0.7937938   0.85786337
 -0.9999209   0.45545545  0.7577578   0.8978725  -0.9999348   0.4074074
 -0.04504504  0.85075414 -0.9998586  -0.8198198  -0.18318318  0.94575036
 -0.99995977  0.08908909 -0.7697698   0.7696581  -0.9998699  -0.25725725
  0.25525525  0.22759624 -0.99921656 -0.25125125 -0.3173173   0.30901787
 -0.9996137  -0.16916917  0.11711711  0.4612509  -0.99922276  0.6576577
  0.21921922  0.63415325 -0.9998326   0.7497497   0.9259259   0.9836221
 -0.9999836   0.1931932  -0.22722723  0.5108111  -0.9997062   0.4994995
 -0.5115115   0.63374394 -0.99982315  0.7137137  -0.7037037   0.7539184
 -0.999883   -0.15915915  0.8038038   0.9870183  -0.99997336 -0.4754755
 -0.5615616   0.2655682  -0.99965274  0.07507508  0.7517518   0.9273113
 -0.99993956  0.01901902  0.32732734  0.44305703 -0.99966043 -0.6136136
  0.14914915  0.7522461  -0.99984765 -0.42542544 -0.3933934   0.32463595
 -0.99966735  0.7717718  -0.32932934  0.8834932  -0.9999369  -0.5895896
  0.6016016   0.40646902 -0.9997118   0.37137136  0.16916917  0.4155625
 -0.99968463 -0.6716717  -0.6936937   0.818283   -0.9999034   0.9379379
  0.997998    0.99668866 -0.9999912  -0.4894895  -0.8498498   0.9130379
 -0.9999506  -0.005005   -0.08708709 -0.09451392 -0.9988358  -0.983984
  0.06906907  0.9734931  -0.9999707   0.3933934  -0.7637638   0.7749687
 -0.9998767  -0.6236236   0.8638639   0.9188725  -0.9999502  -0.5315315
  0.47347346  0.39456618 -0.9996947   0.5395395   0.5675676   0.7667901
 -0.9998801   0.7697698   0.7377377   0.9467477  -0.9999692   0.8738739
 -0.8038038   0.98285997 -0.99998146 -0.13713713 -0.5115115   0.6719838
 -0.9998099  -0.2032032   0.6316316   0.6612353  -0.99982107 -0.6676677
  0.7457457   0.61406124 -0.9998099   0.8638639   0.24124125  0.90584594
 -0.9999513   0.22722723  0.7797798   0.82691175 -0.999912    0.36536536
 -0.21921922  0.45499206 -0.99968183  0.9399399  -0.2892893   1.
 -0.9999906  -0.3973974   0.4054054   0.3370579  -0.99962807 -0.7737738
 -0.43343344  0.98739785 -0.99997574  0.24524525  0.09309309  0.06800747
 -0.9992602   0.15715715 -0.6176176   0.33441767 -0.99966276  0.5915916
 -0.6376376   0.6933947  -0.99985474 -0.24924925 -0.6136136   0.66285646
 -0.9998203  -0.7657658   0.03103103  0.9258758  -0.99993753 -0.14514515
 -0.96997     0.9746848  -0.99997157  0.6596597  -0.01101101  0.83773065
 -0.9999065  -0.35935935  0.8998999   0.9903563  -0.9999787   0.9479479
 -0.06506506  1.         -0.9999901   0.13513513 -0.05505506  0.27036133
 -0.99911505  0.3213213   0.35535535  0.6231984  -0.99978846 -0.8518519
 -0.6236236   0.88327    -0.99993676 -0.8338338   0.5575576   0.87924457
 -0.9999331   0.5495495  -0.33733734  0.6463575  -0.9998165  -0.45945945
  0.22122122  0.8996572  -0.9998752  -0.26726726 -0.05705706  0.55207384
 -0.9996741   0.5135135   0.4994995   0.979516   -0.9999643  -0.5935936
 -0.05105105  0.8912055  -0.9999132  -0.45945945 -0.7037037   0.6251228
 -0.9998132  -0.8218218   0.9159159   1.         -0.9999924   0.05505506
 -0.34734735 -0.15691656 -0.9993695  -0.06706706  0.04904905 -0.19020863
 -0.99869424 -0.06306306  0.4854855   0.63092643 -0.9997862  -1.
 -1.         -1.         -1.        ]",59,0.015317028,0.0117100915,0.011823798,0
17,2300,-0.2503881542989903,"[ 0.13513513 -0.05505506  0.6919505   0.13513513 -0.05505506  0.7078307
 -0.16916917  0.11711711  0.89689255 -0.7437437  -0.8718719   0.90196335
 -0.9999458   0.05705706  0.18118118  0.5647006  -0.9996405   0.4214214
 -0.43743744  0.54426    -0.99976575 -0.35935935  0.7277277   0.94883
 -0.9999538   0.8138138   0.43943945  0.82388    -0.99990445 -0.4214214
  0.04904905  0.5373232  -0.99969953  0.8058058  -0.07107107  0.9380644
 -0.9999511   0.08508509  0.5555556   0.5054047  -0.9997321   0.5275275
 -0.9399399   0.9999066  -0.9999898  -0.24124125 -0.7497497   0.99799544
 -0.9999757  -0.6956957   0.2952953   0.87846535 -0.99991095 -0.6236236
 -0.2852853   0.9507142  -0.9999536   0.7537538  -0.5295295   0.9347778
 -0.99995357  0.4034034   0.4794795   0.7212512  -0.999844   -0.05905906
 -0.43543544  0.5610939  -0.99974203 -0.8638639   0.7937938   0.8572317
 -0.999927    0.45545545  0.7577578   0.8975705  -0.9999349   0.4074074
 -0.04504504  0.8500264  -0.9998503  -0.8198198  -0.18318318  0.9453664
 -0.9999543   0.08908909 -0.7697698   0.76849836 -0.99987614 -0.25725725
  0.25525525  0.22093236 -0.99923295 -0.25125125 -0.3173173   0.3054275
 -0.99961704 -0.16916917  0.11711711  0.45468536 -0.99922866  0.6576577
  0.21921922  0.63265115 -0.9998111   0.7497497   0.9259259   0.9834925
 -0.9999837   0.1931932  -0.22722723  0.50871736 -0.9996975   0.4994995
 -0.5115115   0.6323814  -0.9998132   0.7137137  -0.7037037   0.7530016
 -0.9998814  -0.15915915  0.8038038   0.9868043  -0.9999748  -0.4754755
 -0.5615616   0.26213798 -0.99965394  0.07507508  0.7517518   0.9267756
 -0.99993944  0.01901902  0.32732734  0.4403021  -0.9996468  -0.6136136
  0.14914915  0.75097257 -0.999855   -0.42542544 -0.3933934   0.32135805
 -0.9996683   0.7717718  -0.32932934  0.8827831  -0.99992573 -0.5895896
  0.6016016   0.403852   -0.99972373  0.37137136  0.16916917  0.41298926
 -0.9996608  -0.6716717  -0.6936937   0.8174256  -0.99990594  0.9379379
  0.997998    0.99662864 -0.99999124 -0.4894895  -0.8498498   0.9124796
 -0.99994683 -0.005005   -0.08708709 -0.10368524 -0.9988272  -0.983984
  0.06906907  0.97333544 -0.9999746   0.3933934  -0.7637638   0.7739818
 -0.99988365 -0.6236236   0.8638639   0.9184257  -0.9999515  -0.5315315
  0.47347346  0.3918692  -0.999705    0.5395395   0.5675676   0.76591915
 -0.99987423  0.7697698   0.7377377   0.9464739  -0.99996334  0.8738739
 -0.8038038   0.98270315 -0.9999836  -0.13713713 -0.5115115   0.67021734
 -0.99980915 -0.2032032   0.6316316   0.65965456 -0.9998123  -0.6676677
  0.7457457   0.61233836 -0.9998205   0.8638639   0.24124125  0.9053616
 -0.99993914  0.22722723  0.7797798   0.82613367 -0.9999026   0.36536536
 -0.21921922  0.45264497 -0.99966216  0.9399399  -0.2892893   0.99990714
 -0.999989   -0.3973974   0.4054054   0.33391216 -0.9996434  -0.7737738
 -0.43343344  0.987292   -0.99997556  0.24524525  0.09309309  0.06208692
 -0.9992283   0.15715715 -0.6176176   0.33129182 -0.9996689   0.5915916
 -0.6376376   0.6922504  -0.9998505  -0.24924925 -0.6136136   0.6610872
 -0.99981767 -0.7657658   0.03103103  0.925354   -0.99994147 -0.14514515
 -0.96997     0.9744948  -0.9999754   0.6596597  -0.01101101  0.837019
 -0.9998949  -0.35935935  0.8998999   0.9902819  -0.99997854  0.9479479
 -0.06506506  0.9999368  -0.9999892   0.13513513 -0.05505506  0.27104264
 -0.9991665   0.3213213   0.35535535  0.6214634  -0.9997846  -0.8518519
 -0.6236236   0.8827309  -0.9999389  -0.8338338   0.5575576   0.87866026
 -0.999935    0.5495495  -0.33733734  0.6448031  -0.9998022  -0.45945945
  0.22122122  0.89853346 -0.99987274 -0.26726726 -0.05705706  0.54922444
 -0.99966884  0.5135135   0.4994995   0.97919726 -0.99996674 -0.5935936
 -0.05105105  0.8905225  -0.9999026  -0.45945945 -0.7037037   0.62332547
 -0.9998159  -0.8218218   0.9159159   0.99995136 -0.9999921   0.05505506
 -0.34734735 -0.16263403 -0.9993723  -0.06706706  0.04904905 -0.20124017
 -0.99869454 -0.06306306  0.4854855   0.62917906 -0.9997771  -1.
 -1.         -1.         -1.        ]",78,0.014112765,1.0,0.96701086,38.559087037881156
18,2361,-0.24505715395472197,"[-0.06706706  0.04904905  0.6727069  -0.06706706  0.04904905  0.6863586
 -0.06706706  0.04904905  0.8791705  -0.7437437  -0.8718719   0.9007555
 -0.9999458   0.05705706  0.18118118  0.5962119  -0.9996405   0.4214214
 -0.43743744  0.5351965  -0.99976575 -0.35935935  0.7277277   0.95054704
 -0.9999538   0.8138138   0.43943945  0.82148224 -0.99990445 -0.4214214
  0.04904905  0.54148436 -0.99969953  0.8058058  -0.07107107  0.93864506
 -0.9999511   0.08508509  0.5555556   0.49927017 -0.9997321   0.5275275
 -0.9399399   1.         -0.9999898  -0.24124125 -0.7497497   1.
 -0.9999757  -0.6956957   0.2952953   0.87908816 -0.99991095 -0.6236236
 -0.2852853   0.95301646 -0.9999536   0.7537538  -0.5295295   0.93506205
 -0.99995357  0.4034034   0.4794795   0.71757954 -0.999844   -0.05905906
 -0.43543544  0.55701447 -0.99974203 -0.8638639   0.7937938   0.8549238
 -0.999927    0.45545545  0.7577578   0.8974312  -0.9999349   0.4074074
 -0.04504504  0.8508509  -0.9998503  -0.8198198  -0.18318318  0.9471773
 -0.9999543   0.08908909 -0.7697698   0.76481414 -0.99987614 -0.25725725
  0.25525525  0.20564143 -0.99923295 -0.25125125 -0.3173173   0.29855657
 -0.99961704 -0.16916917  0.11711711  0.49381915 -0.99922866  0.6576577
  0.21921922  0.6257757  -0.9998111   0.7497497   0.9259259   0.9841184
 -0.9999837   0.1931932  -0.22722723  0.50182503 -0.9996975   0.4994995
 -0.5115115   0.6249268  -0.9998132   0.7137137  -0.7037037   0.7478651
 -0.9998814  -0.15915915  0.8038038   0.9893582  -0.9999748  -0.4754755
 -0.5615616   0.24622689 -0.99965394  0.07507508  0.7517518   0.92892593
 -0.99993944  0.01901902  0.32732734  0.44647777 -0.9996468  -0.6136136
  0.14914915  0.75009143 -0.999855   -0.42542544 -0.3933934   0.30888095
 -0.9996683   0.7717718  -0.32932934  0.88186765 -0.99992573 -0.5895896
  0.6016016   0.39096603 -0.99972373  0.37137136  0.16916917  0.4050791
 -0.9996608  -0.6716717  -0.6936937   0.81534886 -0.99990594  0.9379379
  0.997998    0.9974516  -0.99999124 -0.4894895  -0.8498498   0.9123415
 -0.99994683 -0.005005   -0.08708709 -0.08876617 -0.9988272  -0.983984
  0.06906907  0.97493714 -0.9999746   0.3933934  -0.7637638   0.77014446
 -0.99988365 -0.6236236   0.8638639   0.91789895 -0.9999515  -0.5315315
  0.47347346  0.37987414 -0.999705    0.5395395   0.5675676   0.7621843
 -0.99987423  0.7697698   0.7377377   0.9463987  -0.99996334  0.8738739
 -0.8038038   0.9834343  -0.9999836  -0.13713713 -0.5115115   0.6674851
 -0.99980915 -0.2032032   0.6316316   0.65567714 -0.9998123  -0.6676677
  0.7457457   0.6038733  -0.9998205   0.8638639   0.24124125  0.90522367
 -0.99993914  0.22722723  0.7797798   0.8238561  -0.9999026   0.36536536
 -0.21921922  0.44468102 -0.99966216  0.9399399  -0.2892893   1.
 -0.999989   -0.3973974   0.4054054   0.32204974 -0.9996434  -0.7737738
 -0.43343344  0.9898026  -0.99997556  0.24524525  0.09309309  0.03711951
 -0.9992283   0.15715715 -0.6176176   0.3169972  -0.9996689   0.5915916
 -0.6376376   0.6857146  -0.9998505  -0.24924925 -0.6136136   0.6565749
 -0.99981767 -0.7657658   0.03103103  0.9277376  -0.99994147 -0.14514515
 -0.96997     0.9754971  -0.9999754   0.6596597  -0.01101101  0.8358608
 -0.9998949  -0.35935935  0.8998999   0.9924852  -0.99997854  0.9479479
 -0.06506506  1.         -0.9999892   0.13513513 -0.05505506  0.2597351
 -0.9991665   0.3213213   0.35535535  0.61717117 -0.9997846  -0.8518519
 -0.6236236   0.88175863 -0.9999389  -0.8338338   0.5575576   0.877564
 -0.999935    0.5495495  -0.33733734  0.6386221  -0.9998022  -0.45945945
  0.22122122  0.903349   -0.99987274 -0.26726726 -0.05705706  0.5667724
 -0.99966884  0.5135135   0.4994995   0.98217666 -0.99996674 -0.5935936
 -0.05105105  0.89499074 -0.9999026  -0.45945945 -0.7037037   0.61578774
 -0.9998159  -0.8218218   0.9159159   1.         -0.9999921   0.05505506
 -0.34734735 -0.18386386 -0.9993723  -0.06706706  0.04904905  0.4603293
 -0.99853003 -0.06306306  0.4854855   0.6260388  -0.9997771  -1.
 -1.         -1.         -1.        ]",71,0.015155816,0.012406985,0.012504279,0
19,2389,-0.2500909215988407,"[-0.06706706  0.04904905  0.6727069  -0.06706706  0.04904905  0.6858434
 -0.06706706  0.04904905  0.8791705  -0.7437437  -0.8718719   0.89925075
 -0.99994445  0.05705706  0.18118118  0.5866555  -0.99964553  0.4214214
 -0.43743744  0.5288716  -0.999765   -0.35935935  0.7277277   0.9492062
 -0.9999543   0.8138138   0.43943945  0.8189068  -0.99990636 -0.4214214
  0.04904905  0.5335074  -0.9997073   0.8058058  -0.07107107  0.9375057
 -0.999955    0.08508509  0.5555556   0.4919599  -0.9997393   0.5275275
 -0.9399399   0.9996768  -0.9999893  -0.24124125 -0.7497497   0.99936473
 -0.99997693 -0.6956957   0.2952953   0.87670475 -0.9999093  -0.6236236
 -0.2852853   0.9518481  -0.9999527   0.7537538  -0.5295295   0.9339454
 -0.9999576   0.4034034   0.4794795   0.7137616  -0.99984306 -0.05905906
 -0.43543544  0.55037874 -0.9997598  -0.8638639   0.7937938   0.8530259
 -0.99992627  0.45545545  0.7577578   0.89565605 -0.999933    0.4074074
 -0.04504504  0.8479158  -0.9998627  -0.8198198  -0.18318318  0.9460346
 -0.999958    0.08908909 -0.7697698   0.7615344  -0.9998756  -0.25725725
  0.25525525  0.1843017  -0.999224   -0.25125125 -0.3173173   0.2879844
 -0.99961394 -0.16916917  0.11711711  0.47285655 -0.9992227   0.6576577
  0.21921922  0.62107366 -0.999823    0.7497497   0.9259259   0.98371714
 -0.9999815   0.1931932  -0.22722723  0.4937014  -0.9996929   0.4994995
 -0.5115115   0.61988926 -0.9998118   0.7137137  -0.7037037   0.7443122
 -0.99987525 -0.15915915  0.8038038   0.98859185 -0.99997264 -0.4754755
 -0.5615616   0.23680314 -0.9996583   0.07507508  0.7517518   0.927293
 -0.99994487  0.01901902  0.32732734  0.43684575 -0.99965245 -0.6136136
  0.14914915  0.7461132  -0.99985266 -0.42542544 -0.3933934   0.2998815
 -0.999672    0.7717718  -0.32932934  0.8795937  -0.9999273  -0.5895896
  0.6016016   0.38294318 -0.9997127   0.37137136  0.16916917  0.39618418
 -0.9996755  -0.6716717  -0.6936937   0.8128235  -0.9999111   0.9379379
  0.997998    0.99724    -0.99999005 -0.4894895  -0.8498498   0.9108007
 -0.999949   -0.005005   -0.08708709 -0.11924175 -0.9988476  -0.983984
  0.06906907  0.97413003 -0.99997276  0.3933934  -0.7637638   0.76725334
 -0.9998879  -0.6236236   0.8638639   0.91663235 -0.99994725 -0.5315315
  0.47347346  0.3712096  -0.9996938   0.5395395   0.5675676   0.75895303
 -0.9998711   0.7697698   0.7377377   0.9453843  -0.99996036  0.8738739
 -0.8038038   0.9828899  -0.99998105 -0.13713713 -0.5115115   0.66256374
 -0.9998227  -0.2032032   0.6316316   0.6505322  -0.9998125  -0.6676677
  0.7457457   0.5989134  -0.99981207  0.8638639   0.24124125  0.9038186
 -0.9999475   0.22722723  0.7797798   0.8212284  -0.99989766  0.36536536
 -0.21921922  0.4355597  -0.9996768   0.9399399  -0.2892893   0.99972135
 -0.9999901  -0.3973974   0.4054054   0.3115898  -0.99963033 -0.7737738
 -0.43343344  0.9891928  -0.99997795  0.24524525  0.09309309  0.01694819
 -0.999247    0.15715715 -0.6176176   0.30836684 -0.99967694  0.5915916
 -0.6376376   0.6813448  -0.99984324 -0.24924925 -0.6136136   0.651736
 -0.99982995 -0.7657658   0.03103103  0.9259716  -0.99994004 -0.14514515
 -0.96997     0.97478336 -0.9999734   0.6596597  -0.01101101  0.8333065
 -0.9999042  -0.35935935  0.8998999   0.99188936 -0.99997896  0.9479479
 -0.06506506  0.9997316  -0.99999034  0.13513513 -0.05505506  0.24041246
 -0.99918     0.3213213   0.35535535  0.6116612  -0.99978375 -0.8518519
 -0.6236236   0.8802352  -0.99994236 -0.8338338   0.5575576   0.87564516
 -0.9999338   0.5495495  -0.33733734  0.63324475 -0.999809   -0.45945945
  0.22122122  0.89995724 -0.99986976 -0.26726726 -0.05705706  0.5580067
 -0.999675    0.5135135   0.4994995   0.98111355 -0.9999655  -0.5935936
 -0.05105105  0.8926418  -0.9999122  -0.45945945 -0.7037037   0.61066806
 -0.9998115  -0.8218218   0.9159159   0.9998905  -0.99999374  0.05505506
 -0.34734735 -0.20029084 -0.9993947  -0.06706706  0.04904905  0.43045792
 -0.9987017  -0.06306306  0.4854855   0.6202217  -0.99977416 -1.
 -1.         -1.         -1.        ]",77,0.014762231,0.9999995,0.9632268,87.70002752748363
20,2518,-0.2541564044918009,"[ 0.05505506 -0.34734735  0.64096093  0.05505506 -0.34734735  0.6502882
  0.05505506 -0.34734735  0.8494106  -0.7437437  -0.8718719   0.89997476
 -0.99994695  0.05705706  0.18118118  0.5632935  -0.9996539   0.4214214
 -0.43743744  0.53694123 -0.9997687  -0.35935935  0.7277277   0.9480239
 -0.99995434  0.8138138   0.43943945  0.8132862  -0.999908   -0.4214214
  0.04904905  0.51136833 -0.99969316  0.8058058  -0.07107107  0.9418785
 -0.99995893  0.08508509  0.5555556   0.467099   -0.9997439   0.5275275
 -0.9399399   1.         -0.99999    -0.24124125 -0.7497497   1.
 -0.999976   -0.6956957   0.2952953   0.8726628  -0.999917   -0.6236236
 -0.2852853   0.9565329  -0.9999535   0.7537538  -0.5295295   0.9409309
 -0.999954    0.4034034   0.4794795   0.7025459  -0.99985164 -0.05905906
 -0.43543544  0.69363135 -0.9997434  -0.8638639   0.7937938   0.84666014
 -0.9999244   0.45545545  0.7577578   0.89306265 -0.9999371   0.4074074
 -0.04504504  0.8516841  -0.9998668  -0.8198198  -0.18318318  0.9484737
 -0.99995583  0.08908909 -0.7697698   0.77986115 -0.9998737  -0.25725725
  0.25525525  0.09980875 -0.9992347  -0.25125125 -0.3173173   0.3010436
 -0.99961907 -0.16916917  0.11711711  0.3952994  -0.9992323   0.6576577
  0.21921922  0.60610515 -0.99982107  0.7497497   0.9259259   0.9848007
 -0.99998444  0.1931932  -0.22722723  0.5858912  -0.9997032   0.4994995
 -0.5115115   0.621952   -0.9998163   0.7137137  -0.7037037   0.7405379
 -0.9998815  -0.15915915  0.8038038   0.98952395 -0.9999716  -0.4754755
 -0.5615616   0.2111951  -0.99965745  0.07507508  0.7517518   0.9261071
 -0.999947    0.01901902  0.32732734  0.40809914 -0.99966013 -0.6136136
  0.14914915  0.7365705  -0.9998525  -0.42542544 -0.3933934   0.28266656
 -0.999672    0.7717718  -0.32932934  0.8830987  -0.9999305  -0.5895896
  0.6016016   0.35030216 -0.9997041   0.37137136  0.16916917  0.37053734
 -0.99966526 -0.6716717  -0.6936937   0.81006527 -0.9999009   0.9379379
  0.997998    0.99874794 -0.99999166 -0.4894895  -0.8498498   0.9158664
 -0.99995    -0.005005   -0.08708709 -0.21308298 -0.99872607 -0.983984
  0.06906907  0.9760337  -0.9999743   0.3933934  -0.7637638   0.7738855
 -0.99988616 -0.6236236   0.8638639   0.9135934  -0.9999487  -0.5315315
  0.47347346  0.33775076 -0.9996866   0.5395395   0.5675676   0.7493758
 -0.9998773   0.7697698   0.7377377   0.94475543 -0.9999645   0.8738739
 -0.8038038   0.98870546 -0.9999841  -0.13713713 -0.5115115   0.71377987
 -0.99981016 -0.2032032   0.6316316   0.63262075 -0.9998086  -0.6676677
  0.7457457   0.57829595 -0.9998076   0.8638639   0.24124125  0.90333027
 -0.9999452   0.22722723  0.7797798   0.8134929  -0.9999006   0.36536536
 -0.21921922  0.43877444 -0.9996787   0.9399399  -0.2892893   1.
 -0.99999154 -0.3973974   0.4054054   0.2722773  -0.9996261  -0.7737738
 -0.43343344  0.9955342  -0.99997604  0.24524525  0.09309309 -0.05621001
 -0.9992412   0.15715715 -0.6176176   0.33940172 -0.9996758   0.5915916
 -0.6376376   0.67878634 -0.99985313 -0.24924925 -0.6136136   0.6667004
 -0.9998212  -0.7657658   0.03103103  0.927119   -0.99994284 -0.14514515
 -0.96997     0.986089   -0.9999747   0.6596597  -0.01101101  0.8336392
 -0.9999072  -0.35935935  0.8998999   0.9929101  -0.999977    0.9479479
 -0.06506506  1.         -0.9999908   0.13513513 -0.05505506  0.19498603
 -0.99919873  0.3213213   0.35535535  0.59580195 -0.99979323 -0.8518519
 -0.6236236   0.87901044 -0.99993485 -0.8338338   0.5575576   0.8704329
 -0.99992794  0.5495495  -0.33733734  0.6375584  -0.999816   -0.45945945
  0.22122122  0.89430124 -0.99987674 -0.26726726 -0.05705706  0.5401081
 -0.99966186  0.5135135   0.4994995   0.98368955 -0.9999662  -0.5935936
 -0.05105105  0.8928884  -0.9999042  -0.45945945 -0.7037037   0.6048631
 -0.99981916 -0.8218218   0.9159159   0.99999917 -0.99999243  0.05505506
 -0.34734735  0.48275146 -0.99937373 -0.06706706  0.04904905  0.2938192
 -0.998683   -0.06306306  0.4854855   0.6004574  -0.9997707  -1.
 -1.         -1.         -1.        ]",40,0.014240671,0.99995196,0.9612637,145.3341902195468
21,2690,-0.22438811747382112,"[-0.005005   -0.08708709  0.5830591  -0.005005   -0.08708709  0.6093763
 -0.005005   -0.08708709  0.7960489  -0.7437437  -0.8718719   0.89979345
 -0.9999448   0.05705706  0.18118118  0.5999795  -0.99966544  0.4214214
 -0.43743744  0.5274045  -0.99978673 -0.35935935  0.7277277   0.9516007
 -0.9999556   0.8138138   0.43943945  0.808435   -0.9999069  -0.4214214
  0.04904905  0.5099205  -0.99969906  0.8058058  -0.07107107  0.94831026
 -0.99995494  0.08508509  0.5555556   0.44635594 -0.9997536   0.5275275
 -0.9399399   0.99998444 -0.99998856 -0.24124125 -0.7497497   0.99997157
 -0.9999805  -0.6956957   0.2952953   0.87387073 -0.99990517 -0.6236236
 -0.2852853   0.96596676 -0.99994814  0.7537538  -0.5295295   0.94654083
 -0.9999515   0.4034034   0.4794795   0.694394   -0.99983895 -0.05905906
 -0.43543544  0.71879715 -0.99975693 -0.8638639   0.7937938   0.84060436
 -0.9999288   0.45545545  0.7577578   0.89358795 -0.99994457  0.4074074
 -0.04504504  0.8632494  -0.99986213 -0.8198198  -0.18318318  0.9551006
 -0.9999523   0.08908909 -0.7697698   0.77849245 -0.99987507 -0.25725725
  0.25525525  0.01967379 -0.9992482  -0.25125125 -0.3173173   0.2926593
 -0.999606   -0.16916917  0.11711711  0.36331713 -0.9992424   0.6576577
  0.21921922  0.58890396 -0.9998174   0.7497497   0.9259259   0.98796374
 -0.999983    0.1931932  -0.22722723  0.61948955 -0.9997271   0.4994995
 -0.5115115   0.61233324 -0.99983186  0.7137137  -0.7037037   0.7313697
 -0.9998984  -0.15915915  0.8038038   0.995274   -0.99997544 -0.4754755
 -0.5615616   0.17363696 -0.99964815  0.07507508  0.7517518   0.93078595
 -0.9999503   0.01901902  0.32732734  0.40410468 -0.9996722  -0.6136136
  0.14914915  0.7323357  -0.9998482  -0.42542544 -0.3933934   0.25843278
 -0.9996624   0.7717718  -0.32932934  0.8855863  -0.9999325  -0.5895896
  0.6016016   0.31256226 -0.99972373  0.37137136  0.16916917  0.35677058
 -0.9996695  -0.6716717  -0.6936937   0.8064621  -0.99990726  0.9379379
  0.997998    0.9999935  -0.9999909  -0.4894895  -0.8498498   0.91953593
 -0.9999461  -0.005005   -0.08708709  0.5812547  -0.998762   -0.983984
  0.06906907  0.9810418  -0.9999765   0.3933934  -0.7637638   0.7698567
 -0.99987847 -0.6236236   0.8638639   0.9124494  -0.9999509  -0.5315315
  0.47347346  0.30087012 -0.9997058   0.5395395   0.5675676   0.7411775
 -0.99987084  0.7697698   0.7377377   0.94633585 -0.9999605   0.8738739
 -0.8038038   0.99395126 -0.9999838  -0.13713713 -0.5115115   0.72707266
 -0.9998186  -0.2032032   0.6316316   0.6176516  -0.9998231  -0.6676677
  0.7457457   0.5551294  -0.9998168   0.8638639   0.24124125  0.90486944
 -0.999942    0.22722723  0.7797798   0.8080304  -0.9999041   0.36536536
 -0.21921922  0.44672182 -0.9996789   0.9399399  -0.2892893   0.9999845
 -0.9999906  -0.3973974   0.4054054   0.23217614 -0.99964786 -0.7737738
 -0.43343344  1.         -0.99997604  0.24524525  0.09309309 -0.10868721
 -0.999235    0.15715715 -0.6176176   0.31463408 -0.99967074  0.5915916
 -0.6376376   0.66797084 -0.999871   -0.24924925 -0.6136136   0.6655244
 -0.9998287  -0.7657658   0.03103103  0.93403167 -0.9999423  -0.14514515
 -0.96997     0.99364513 -0.99997425  0.6596597  -0.01101101  0.83612794
 -0.9999036  -0.35935935  0.8998999   0.99837047 -0.99997884  0.9479479
 -0.06506506  0.9999843  -0.9999901   0.13513513 -0.05505506  0.27051574
 -0.9992178   0.3213213   0.35535535  0.5861144  -0.9997805  -0.8518519
 -0.6236236   0.87768596 -0.999936   -0.8338338   0.5575576   0.86590797
 -0.99993753  0.5495495  -0.33733734  0.63190144 -0.9998138  -0.45945945
  0.22122122  0.9020661  -0.99986583 -0.26726726 -0.05705706  0.5711339
 -0.999668    0.5135135   0.4994995   0.9930114  -0.99996376 -0.5935936
 -0.05105105  0.9047188  -0.99990606 -0.45945945 -0.7037037   0.5912918
 -0.9998114  -0.8218218   0.9159159   0.99998784 -0.99999404  0.05505506
 -0.34734735  0.50560874 -0.9993936  -0.06706706  0.04904905  0.31407997
 -0.9987245  -0.06306306  0.4854855   0.58605564 -0.9997889  -1.
 -1.         -1.         -1.        ]",80,0.011126486,0.04146256,0.040213607,10.42352312302619
